Cancer Type,Feature Type,Clinical Outcome Endpoint,Event Time Threshold (Year),Source Group,Target Group,EA-Positive,EA-Negative,DDP-Positive,DDP-Negative
BLCA,"('MicroRNA', 'Methylation')",OS,1,WHITE,BLACK,225,64,14,6
BLCA,"('MicroRNA', 'Methylation')",PFI,1,WHITE,BLACK,187,87,9,9
BLCA,"('mRNA', 'Methylation')",OS,1,WHITE,BLACK,224,65,14,6
BLCA,"('mRNA', 'Methylation')",PFI,1,WHITE,BLACK,185,88,9,9
BLCA,"('mRNA', 'MicroRNA')",OS,1,WHITE,BLACK,230,66,14,6
BLCA,"('mRNA', 'MicroRNA')",PFI,1,WHITE,BLACK,191,90,9,9
BLCA,"('Protein', 'Methylation')",OS,1,WHITE,BLACK,188,51,11,6
BLCA,"('Protein', 'Methylation')",PFI,1,WHITE,BLACK,153,73,6,9
BLCA,"('Protein', 'MicroRNA')",OS,1,WHITE,BLACK,195,52,11,6
BLCA,"('Protein', 'MicroRNA')",PFI,1,WHITE,BLACK,159,76,6,9
BLCA,"('Protein', 'mRNA')",OS,1,WHITE,BLACK,193,53,11,6
BLCA,"('Protein', 'mRNA')",PFI,1,WHITE,BLACK,157,76,6,9
BRCA,"('MicroRNA', 'Methylation')",DFI,2,WHITE,BLACK,350,21,77,9
BRCA,"('MicroRNA', 'Methylation')",DFI,3,WHITE,BLACK,264,27,55,12
BRCA,"('MicroRNA', 'Methylation')",DFI,4,WHITE,BLACK,194,35,41,16
BRCA,"('MicroRNA', 'Methylation')",DFI,5,WHITE,BLACK,146,43,31,17
BRCA,"('MicroRNA', 'Methylation')",DSS,2,WHITE,BLACK,403,17,91,8
BRCA,"('MicroRNA', 'Methylation')",DSS,3,WHITE,BLACK,296,31,67,13
BRCA,"('MicroRNA', 'Methylation')",DSS,4,WHITE,BLACK,225,34,53,14
BRCA,"('MicroRNA', 'Methylation')",DSS,5,WHITE,BLACK,176,40,41,14
BRCA,"('MicroRNA', 'Methylation')",OS,1,WHITE,BLACK,609,14,146,5
BRCA,"('MicroRNA', 'Methylation')",OS,2,WHITE,BLACK,419,26,91,9
BRCA,"('MicroRNA', 'Methylation')",OS,3,WHITE,BLACK,311,46,67,14
BRCA,"('MicroRNA', 'Methylation')",OS,4,WHITE,BLACK,237,56,53,16
BRCA,"('MicroRNA', 'Methylation')",OS,5,WHITE,BLACK,185,70,41,16
BRCA,"('MicroRNA', 'Methylation')",PFI,1,WHITE,BLACK,598,19,143,8
BRCA,"('MicroRNA', 'Methylation')",PFI,2,WHITE,BLACK,407,37,88,14
BRCA,"('MicroRNA', 'Methylation')",PFI,3,WHITE,BLACK,299,54,65,18
BRCA,"('MicroRNA', 'Methylation')",PFI,4,WHITE,BLACK,220,66,49,23
BRCA,"('MicroRNA', 'Methylation')",PFI,5,WHITE,BLACK,166,79,37,24
BRCA,"('mRNA', 'Methylation')",DFI,2,WHITE,BLACK,358,23,77,9
BRCA,"('mRNA', 'Methylation')",DFI,3,WHITE,BLACK,269,30,55,12
BRCA,"('mRNA', 'Methylation')",DFI,4,WHITE,BLACK,197,38,41,16
BRCA,"('mRNA', 'Methylation')",DFI,5,WHITE,BLACK,148,46,31,17
BRCA,"('mRNA', 'Methylation')",DSS,2,WHITE,BLACK,412,17,92,8
BRCA,"('mRNA', 'Methylation')",DSS,3,WHITE,BLACK,303,31,68,13
BRCA,"('mRNA', 'Methylation')",DSS,4,WHITE,BLACK,230,34,54,14
BRCA,"('mRNA', 'Methylation')",DSS,5,WHITE,BLACK,180,40,42,14
BRCA,"('mRNA', 'Methylation')",OS,1,WHITE,BLACK,620,14,147,5
BRCA,"('mRNA', 'Methylation')",OS,2,WHITE,BLACK,428,26,92,9
BRCA,"('mRNA', 'Methylation')",OS,3,WHITE,BLACK,318,46,68,14
BRCA,"('mRNA', 'Methylation')",OS,4,WHITE,BLACK,242,56,54,16
BRCA,"('mRNA', 'Methylation')",OS,5,WHITE,BLACK,189,70,42,16
BRCA,"('mRNA', 'Methylation')",PFI,1,WHITE,BLACK,609,19,144,8
BRCA,"('mRNA', 'Methylation')",PFI,2,WHITE,BLACK,415,39,89,14
BRCA,"('mRNA', 'Methylation')",PFI,3,WHITE,BLACK,304,57,66,18
BRCA,"('mRNA', 'Methylation')",PFI,4,WHITE,BLACK,223,69,50,23
BRCA,"('mRNA', 'Methylation')",PFI,5,WHITE,BLACK,168,82,38,24
BRCA,"('mRNA', 'MicroRNA')",DFI,2,WHITE,BLACK,375,23,79,9
BRCA,"('mRNA', 'MicroRNA')",DFI,3,WHITE,BLACK,280,30,57,12
BRCA,"('mRNA', 'MicroRNA')",DFI,4,WHITE,BLACK,201,38,42,16
BRCA,"('mRNA', 'MicroRNA')",DFI,5,WHITE,BLACK,148,47,31,17
BRCA,"('mRNA', 'MicroRNA')",DSS,2,WHITE,BLACK,438,17,94,8
BRCA,"('mRNA', 'MicroRNA')",DSS,3,WHITE,BLACK,319,31,69,13
BRCA,"('mRNA', 'MicroRNA')",DSS,4,WHITE,BLACK,236,35,54,14
BRCA,"('mRNA', 'MicroRNA')",DSS,5,WHITE,BLACK,183,41,41,14
BRCA,"('mRNA', 'MicroRNA')",OS,1,WHITE,BLACK,663,20,152,5
BRCA,"('mRNA', 'MicroRNA')",OS,2,WHITE,BLACK,454,28,94,9
BRCA,"('mRNA', 'MicroRNA')",OS,3,WHITE,BLACK,334,49,69,14
BRCA,"('mRNA', 'MicroRNA')",OS,4,WHITE,BLACK,248,61,54,17
BRCA,"('mRNA', 'MicroRNA')",OS,5,WHITE,BLACK,192,75,41,17
BRCA,"('mRNA', 'MicroRNA')",PFI,1,WHITE,BLACK,651,25,149,8
BRCA,"('mRNA', 'MicroRNA')",PFI,2,WHITE,BLACK,440,39,91,14
BRCA,"('mRNA', 'MicroRNA')",PFI,3,WHITE,BLACK,320,59,67,18
BRCA,"('mRNA', 'MicroRNA')",PFI,4,WHITE,BLACK,230,72,50,23
BRCA,"('mRNA', 'MicroRNA')",PFI,5,WHITE,BLACK,171,86,37,24
BRCA,"('Protein', 'Methylation')",DFI,2,WHITE,BLACK,294,21,56,5
BRCA,"('Protein', 'Methylation')",DFI,3,WHITE,BLACK,219,28,40,6
BRCA,"('Protein', 'Methylation')",DFI,4,WHITE,BLACK,162,34,30,8
BRCA,"('Protein', 'Methylation')",DFI,5,WHITE,BLACK,118,40,23,8
BRCA,"('Protein', 'Methylation')",DSS,2,WHITE,BLACK,343,15,67,5
BRCA,"('Protein', 'Methylation')",DSS,3,WHITE,BLACK,250,28,49,8
BRCA,"('Protein', 'Methylation')",DSS,4,WHITE,BLACK,190,31,38,8
BRCA,"('Protein', 'Methylation')",DSS,5,WHITE,BLACK,146,36,29,8
BRCA,"('Protein', 'Methylation')",OS,2,WHITE,BLACK,359,22,67,6
BRCA,"('Protein', 'Methylation')",OS,3,WHITE,BLACK,265,41,49,9
BRCA,"('Protein', 'Methylation')",OS,4,WHITE,BLACK,202,51,38,10
BRCA,"('Protein', 'Methylation')",OS,5,WHITE,BLACK,154,63,29,10
BRCA,"('Protein', 'Methylation')",PFI,1,WHITE,BLACK,515,17,112,5
BRCA,"('Protein', 'Methylation')",PFI,2,WHITE,BLACK,347,35,65,8
BRCA,"('Protein', 'Methylation')",PFI,3,WHITE,BLACK,252,51,49,9
BRCA,"('Protein', 'Methylation')",PFI,4,WHITE,BLACK,186,60,37,12
BRCA,"('Protein', 'Methylation')",PFI,5,WHITE,BLACK,137,70,29,12
BRCA,"('Protein', 'MicroRNA')",DFI,2,WHITE,BLACK,302,21,57,5
BRCA,"('Protein', 'MicroRNA')",DFI,3,WHITE,BLACK,226,28,41,6
BRCA,"('Protein', 'MicroRNA')",DFI,4,WHITE,BLACK,164,34,31,8
BRCA,"('Protein', 'MicroRNA')",DFI,5,WHITE,BLACK,118,41,23,8
BRCA,"('Protein', 'MicroRNA')",DSS,2,WHITE,BLACK,359,15,68,5
BRCA,"('Protein', 'MicroRNA')",DSS,3,WHITE,BLACK,262,28,49,8
BRCA,"('Protein', 'MicroRNA')",DSS,4,WHITE,BLACK,194,32,38,8
BRCA,"('Protein', 'MicroRNA')",DSS,5,WHITE,BLACK,149,37,28,8
BRCA,"('Protein', 'MicroRNA')",OS,2,WHITE,BLACK,375,24,68,6
BRCA,"('Protein', 'MicroRNA')",OS,3,WHITE,BLACK,277,44,49,9
BRCA,"('Protein', 'MicroRNA')",OS,4,WHITE,BLACK,206,56,38,10
BRCA,"('Protein', 'MicroRNA')",OS,5,WHITE,BLACK,157,68,28,10
BRCA,"('Protein', 'MicroRNA')",PFI,1,WHITE,BLACK,540,19,113,5
BRCA,"('Protein', 'MicroRNA')",PFI,2,WHITE,BLACK,362,35,66,8
BRCA,"('Protein', 'MicroRNA')",PFI,3,WHITE,BLACK,264,53,49,9
BRCA,"('Protein', 'MicroRNA')",PFI,4,WHITE,BLACK,191,63,37,12
BRCA,"('Protein', 'MicroRNA')",PFI,5,WHITE,BLACK,140,74,28,12
BRCA,"('Protein', 'mRNA')",DFI,2,WHITE,BLACK,315,23,57,5
BRCA,"('Protein', 'mRNA')",DFI,3,WHITE,BLACK,233,31,41,6
BRCA,"('Protein', 'mRNA')",DFI,4,WHITE,BLACK,170,37,31,8
BRCA,"('Protein', 'mRNA')",DFI,5,WHITE,BLACK,122,44,23,8
BRCA,"('Protein', 'mRNA')",DSS,2,WHITE,BLACK,375,15,69,5
BRCA,"('Protein', 'mRNA')",DSS,3,WHITE,BLACK,273,28,50,8
BRCA,"('Protein', 'mRNA')",DSS,4,WHITE,BLACK,204,32,39,8
BRCA,"('Protein', 'mRNA')",DSS,5,WHITE,BLACK,155,37,29,8
BRCA,"('Protein', 'mRNA')",OS,2,WHITE,BLACK,391,24,69,6
BRCA,"('Protein', 'mRNA')",OS,3,WHITE,BLACK,288,45,50,9
BRCA,"('Protein', 'mRNA')",OS,4,WHITE,BLACK,216,57,39,10
BRCA,"('Protein', 'mRNA')",OS,5,WHITE,BLACK,163,69,29,10
BRCA,"('Protein', 'mRNA')",PFI,1,WHITE,BLACK,560,19,114,5
BRCA,"('Protein', 'mRNA')",PFI,2,WHITE,BLACK,377,37,67,8
BRCA,"('Protein', 'mRNA')",PFI,3,WHITE,BLACK,273,56,50,9
BRCA,"('Protein', 'mRNA')",PFI,4,WHITE,BLACK,199,66,38,12
BRCA,"('Protein', 'mRNA')",PFI,5,WHITE,BLACK,144,77,29,12
CESC,"('MicroRNA', 'Methylation')",DSS,4,WHITE,BLACK,42,25,8,6
CESC,"('MicroRNA', 'Methylation')",DSS,5,WHITE,BLACK,29,25,8,6
CESC,"('MicroRNA', 'Methylation')",OS,4,WHITE,BLACK,42,35,8,6
CESC,"('MicroRNA', 'Methylation')",OS,5,WHITE,BLACK,29,35,8,6
CESC,"('MicroRNA', 'Methylation')",PFI,2,WHITE,BLACK,79,29,12,6
CESC,"('MicroRNA', 'Methylation')",PFI,3,WHITE,BLACK,53,33,10,6
CESC,"('MicroRNA', 'Methylation')",PFI,4,WHITE,BLACK,38,34,8,7
CESC,"('MicroRNA', 'Methylation')",PFI,5,WHITE,BLACK,25,34,8,7
CESC,"('mRNA', 'Methylation')",DSS,4,WHITE,BLACK,42,25,8,6
CESC,"('mRNA', 'Methylation')",DSS,5,WHITE,BLACK,29,25,8,6
CESC,"('mRNA', 'Methylation')",OS,4,WHITE,BLACK,42,35,8,6
CESC,"('mRNA', 'Methylation')",OS,5,WHITE,BLACK,29,35,8,6
CESC,"('mRNA', 'Methylation')",PFI,2,WHITE,BLACK,78,29,12,6
CESC,"('mRNA', 'Methylation')",PFI,3,WHITE,BLACK,53,33,10,6
CESC,"('mRNA', 'Methylation')",PFI,4,WHITE,BLACK,38,34,8,7
CESC,"('mRNA', 'Methylation')",PFI,5,WHITE,BLACK,25,34,8,7
CESC,"('mRNA', 'MicroRNA')",DSS,4,WHITE,BLACK,45,25,9,6
CESC,"('mRNA', 'MicroRNA')",DSS,5,WHITE,BLACK,32,25,8,6
CESC,"('mRNA', 'MicroRNA')",OS,4,WHITE,BLACK,46,35,9,6
CESC,"('mRNA', 'MicroRNA')",OS,5,WHITE,BLACK,33,35,8,6
CESC,"('mRNA', 'MicroRNA')",PFI,2,WHITE,BLACK,83,30,14,7
CESC,"('mRNA', 'MicroRNA')",PFI,3,WHITE,BLACK,58,34,11,7
CESC,"('mRNA', 'MicroRNA')",PFI,4,WHITE,BLACK,42,35,9,8
CESC,"('mRNA', 'MicroRNA')",PFI,5,WHITE,BLACK,29,35,8,8
COAD,"('MicroRNA', 'Methylation')",DSS,2,WHITE,BLACK,99,16,19,9
COAD,"('MicroRNA', 'Methylation')",DSS,3,WHITE,BLACK,57,19,10,10
COAD,"('MicroRNA', 'Methylation')",DSS,4,WHITE,BLACK,37,20,6,10
COAD,"('MicroRNA', 'Methylation')",DSS,5,WHITE,BLACK,28,21,5,10
COAD,"('MicroRNA', 'Methylation')",OS,1,WHITE,BLACK,166,20,47,5
COAD,"('MicroRNA', 'Methylation')",OS,2,WHITE,BLACK,108,29,19,10
COAD,"('MicroRNA', 'Methylation')",OS,3,WHITE,BLACK,63,37,10,11
COAD,"('MicroRNA', 'Methylation')",OS,4,WHITE,BLACK,41,43,6,11
COAD,"('MicroRNA', 'Methylation')",OS,5,WHITE,BLACK,31,47,5,12
COAD,"('MicroRNA', 'Methylation')",PFI,1,WHITE,BLACK,155,23,40,12
COAD,"('MicroRNA', 'Methylation')",PFI,2,WHITE,BLACK,91,44,15,17
COAD,"('MicroRNA', 'Methylation')",PFI,3,WHITE,BLACK,49,51,6,18
COAD,"('mRNA', 'Methylation')",DSS,2,WHITE,BLACK,99,16,19,9
COAD,"('mRNA', 'Methylation')",DSS,3,WHITE,BLACK,57,19,10,10
COAD,"('mRNA', 'Methylation')",DSS,4,WHITE,BLACK,37,20,6,10
COAD,"('mRNA', 'Methylation')",DSS,5,WHITE,BLACK,28,21,5,10
COAD,"('mRNA', 'Methylation')",OS,1,WHITE,BLACK,166,20,47,5
COAD,"('mRNA', 'Methylation')",OS,2,WHITE,BLACK,108,29,19,10
COAD,"('mRNA', 'Methylation')",OS,3,WHITE,BLACK,63,37,10,11
COAD,"('mRNA', 'Methylation')",OS,4,WHITE,BLACK,41,43,6,11
COAD,"('mRNA', 'Methylation')",OS,5,WHITE,BLACK,31,47,5,12
COAD,"('mRNA', 'Methylation')",PFI,1,WHITE,BLACK,155,23,40,12
COAD,"('mRNA', 'Methylation')",PFI,2,WHITE,BLACK,91,44,15,17
COAD,"('mRNA', 'Methylation')",PFI,3,WHITE,BLACK,49,51,6,18
COAD,"('mRNA', 'MicroRNA')",DSS,2,WHITE,BLACK,159,42,19,9
COAD,"('mRNA', 'MicroRNA')",DSS,3,WHITE,BLACK,83,44,10,10
COAD,"('mRNA', 'MicroRNA')",DSS,4,WHITE,BLACK,46,46,6,10
COAD,"('mRNA', 'MicroRNA')",DSS,5,WHITE,BLACK,32,47,5,10
COAD,"('mRNA', 'MicroRNA')",OS,1,WHITE,BLACK,258,41,47,5
COAD,"('mRNA', 'MicroRNA')",OS,2,WHITE,BLACK,168,57,19,10
COAD,"('mRNA', 'MicroRNA')",OS,3,WHITE,BLACK,89,64,10,11
COAD,"('mRNA', 'MicroRNA')",OS,4,WHITE,BLACK,50,72,6,11
COAD,"('mRNA', 'MicroRNA')",OS,5,WHITE,BLACK,35,76,5,12
COAD,"('mRNA', 'MicroRNA')",PFI,1,WHITE,BLACK,242,49,40,12
COAD,"('mRNA', 'MicroRNA')",PFI,2,WHITE,BLACK,146,78,15,17
COAD,"('mRNA', 'MicroRNA')",PFI,3,WHITE,BLACK,72,87,6,18
COAD,"('Protein', 'Methylation')",DSS,2,WHITE,BLACK,82,12,15,5
COAD,"('Protein', 'Methylation')",DSS,3,WHITE,BLACK,44,16,6,6
COAD,"('Protein', 'Methylation')",OS,2,WHITE,BLACK,90,22,15,6
COAD,"('Protein', 'Methylation')",OS,3,WHITE,BLACK,50,30,6,7
COAD,"('Protein', 'Methylation')",PFI,1,WHITE,BLACK,133,18,37,8
COAD,"('Protein', 'Methylation')",PFI,2,WHITE,BLACK,77,34,12,12
COAD,"('Protein', 'MicroRNA')",DSS,2,WHITE,BLACK,120,33,15,5
COAD,"('Protein', 'MicroRNA')",DSS,3,WHITE,BLACK,61,36,6,6
COAD,"('Protein', 'MicroRNA')",OS,2,WHITE,BLACK,128,45,15,6
COAD,"('Protein', 'MicroRNA')",OS,3,WHITE,BLACK,67,52,6,7
COAD,"('Protein', 'MicroRNA')",PFI,1,WHITE,BLACK,188,39,37,8
COAD,"('Protein', 'MicroRNA')",PFI,2,WHITE,BLACK,113,60,12,12
COAD,"('Protein', 'mRNA')",DSS,2,WHITE,BLACK,134,34,15,5
COAD,"('Protein', 'mRNA')",DSS,3,WHITE,BLACK,69,37,6,6
COAD,"('Protein', 'mRNA')",OS,2,WHITE,BLACK,142,47,15,6
COAD,"('Protein', 'mRNA')",OS,3,WHITE,BLACK,75,54,6,7
COAD,"('Protein', 'mRNA')",PFI,1,WHITE,BLACK,208,41,37,8
COAD,"('Protein', 'mRNA')",PFI,2,WHITE,BLACK,126,62,12,12
COADREAD,"('MicroRNA', 'Methylation')",DSS,2,WHITE,BLACK,132,18,23,9
COADREAD,"('MicroRNA', 'Methylation')",DSS,3,WHITE,BLACK,75,21,13,10
COADREAD,"('MicroRNA', 'Methylation')",DSS,4,WHITE,BLACK,42,23,9,10
COADREAD,"('MicroRNA', 'Methylation')",DSS,5,WHITE,BLACK,31,24,7,10
COADREAD,"('MicroRNA', 'Methylation')",OS,1,WHITE,BLACK,227,25,51,5
COADREAD,"('MicroRNA', 'Methylation')",OS,2,WHITE,BLACK,146,35,23,10
COADREAD,"('MicroRNA', 'Methylation')",OS,3,WHITE,BLACK,84,45,13,11
COADREAD,"('MicroRNA', 'Methylation')",OS,4,WHITE,BLACK,48,53,9,11
COADREAD,"('MicroRNA', 'Methylation')",OS,5,WHITE,BLACK,34,59,7,12
COADREAD,"('MicroRNA', 'Methylation')",PFI,1,WHITE,BLACK,206,35,44,12
COADREAD,"('MicroRNA', 'Methylation')",PFI,2,WHITE,BLACK,120,59,19,17
COADREAD,"('MicroRNA', 'Methylation')",PFI,3,WHITE,BLACK,65,66,9,18
COADREAD,"('MicroRNA', 'Methylation')",PFI,4,WHITE,BLACK,38,68,6,19
COADREAD,"('mRNA', 'Methylation')",DSS,2,WHITE,BLACK,132,18,23,9
COADREAD,"('mRNA', 'Methylation')",DSS,3,WHITE,BLACK,75,21,13,10
COADREAD,"('mRNA', 'Methylation')",DSS,4,WHITE,BLACK,42,23,9,10
COADREAD,"('mRNA', 'Methylation')",DSS,5,WHITE,BLACK,31,24,7,10
COADREAD,"('mRNA', 'Methylation')",OS,1,WHITE,BLACK,227,25,51,5
COADREAD,"('mRNA', 'Methylation')",OS,2,WHITE,BLACK,146,35,23,10
COADREAD,"('mRNA', 'Methylation')",OS,3,WHITE,BLACK,84,45,13,11
COADREAD,"('mRNA', 'Methylation')",OS,4,WHITE,BLACK,48,53,9,11
COADREAD,"('mRNA', 'Methylation')",OS,5,WHITE,BLACK,34,59,7,12
COADREAD,"('mRNA', 'Methylation')",PFI,1,WHITE,BLACK,206,35,44,12
COADREAD,"('mRNA', 'Methylation')",PFI,2,WHITE,BLACK,120,59,19,17
COADREAD,"('mRNA', 'Methylation')",PFI,3,WHITE,BLACK,65,66,9,18
COADREAD,"('mRNA', 'Methylation')",PFI,4,WHITE,BLACK,38,68,6,19
COADREAD,"('mRNA', 'MicroRNA')",DSS,2,WHITE,BLACK,218,49,23,9
COADREAD,"('mRNA', 'MicroRNA')",DSS,3,WHITE,BLACK,116,51,13,10
COADREAD,"('mRNA', 'MicroRNA')",DSS,4,WHITE,BLACK,55,57,9,10
COADREAD,"('mRNA', 'MicroRNA')",DSS,5,WHITE,BLACK,37,58,7,10
COADREAD,"('mRNA', 'MicroRNA')",OS,1,WHITE,BLACK,363,50,51,5
COADREAD,"('mRNA', 'MicroRNA')",OS,2,WHITE,BLACK,232,69,23,10
COADREAD,"('mRNA', 'MicroRNA')",OS,3,WHITE,BLACK,125,78,13,11
COADREAD,"('mRNA', 'MicroRNA')",OS,4,WHITE,BLACK,61,91,9,11
COADREAD,"('mRNA', 'MicroRNA')",OS,5,WHITE,BLACK,40,97,7,12
COADREAD,"('mRNA', 'MicroRNA')",PFI,1,WHITE,BLACK,337,65,44,12
COADREAD,"('mRNA', 'MicroRNA')",PFI,2,WHITE,BLACK,199,100,19,17
COADREAD,"('mRNA', 'MicroRNA')",PFI,3,WHITE,BLACK,100,111,9,18
COADREAD,"('mRNA', 'MicroRNA')",PFI,4,WHITE,BLACK,51,117,6,19
COADREAD,"('Protein', 'Methylation')",DSS,2,WHITE,BLACK,104,14,17,5
COADREAD,"('Protein', 'Methylation')",DSS,3,WHITE,BLACK,53,18,7,6
COADREAD,"('Protein', 'Methylation')",OS,2,WHITE,BLACK,117,28,17,6
COADREAD,"('Protein', 'Methylation')",OS,3,WHITE,BLACK,62,38,7,7
COADREAD,"('Protein', 'Methylation')",PFI,1,WHITE,BLACK,173,27,39,8
COADREAD,"('Protein', 'Methylation')",PFI,2,WHITE,BLACK,97,46,14,12
COADREAD,"('Protein', 'MicroRNA')",DSS,2,WHITE,BLACK,163,40,17,5
COADREAD,"('Protein', 'MicroRNA')",DSS,3,WHITE,BLACK,84,43,7,6
COADREAD,"('Protein', 'MicroRNA')",OS,2,WHITE,BLACK,176,57,17,6
COADREAD,"('Protein', 'MicroRNA')",OS,3,WHITE,BLACK,93,66,7,7
COADREAD,"('Protein', 'MicroRNA')",PFI,1,WHITE,BLACK,262,51,39,8
COADREAD,"('Protein', 'MicroRNA')",PFI,2,WHITE,BLACK,152,79,14,12
COADREAD,"('Protein', 'mRNA')",DSS,2,WHITE,BLACK,180,42,17,5
COADREAD,"('Protein', 'mRNA')",DSS,3,WHITE,BLACK,95,45,7,6
COADREAD,"('Protein', 'mRNA')",OS,2,WHITE,BLACK,193,60,17,6
COADREAD,"('Protein', 'mRNA')",OS,3,WHITE,BLACK,104,69,7,7
COADREAD,"('Protein', 'mRNA')",PFI,1,WHITE,BLACK,286,55,39,8
COADREAD,"('Protein', 'mRNA')",PFI,2,WHITE,BLACK,168,83,14,12
GBM,"('Protein', 'Methylation')",DSS,1,WHITE,BLACK,72,47,11,9
GBM,"('Protein', 'Methylation')",OS,1,WHITE,BLACK,75,60,12,9
GBM,"('Protein', 'Methylation')",PFI,1,WHITE,BLACK,33,98,6,16
GBMLGG,"('MicroRNA', 'Methylation')",PFI,2,WHITE,BLACK,164,116,10,9
GBMLGG,"('mRNA', 'Methylation')",DSS,2,WHITE,BLACK,220,116,12,8
GBMLGG,"('mRNA', 'Methylation')",OS,2,WHITE,BLACK,227,128,12,8
GBMLGG,"('mRNA', 'Methylation')",PFI,1,WHITE,BLACK,329,133,17,10
GBMLGG,"('mRNA', 'Methylation')",PFI,2,WHITE,BLACK,174,200,10,15
GBMLGG,"('mRNA', 'MicroRNA')",PFI,2,WHITE,BLACK,166,116,10,9
GBMLGG,"('Protein', 'Methylation')",DSS,1,WHITE,BLACK,346,65,28,10
GBMLGG,"('Protein', 'Methylation')",DSS,2,WHITE,BLACK,193,128,14,15
GBMLGG,"('Protein', 'Methylation')",DSS,3,WHITE,BLACK,130,151,5,15
GBMLGG,"('Protein', 'Methylation')",OS,1,WHITE,BLACK,355,78,29,10
GBMLGG,"('Protein', 'Methylation')",OS,2,WHITE,BLACK,200,144,14,16
GBMLGG,"('Protein', 'Methylation')",OS,3,WHITE,BLACK,135,169,5,16
GBMLGG,"('Protein', 'Methylation')",PFI,1,WHITE,BLACK,284,147,21,19
GBMLGG,"('Protein', 'Methylation')",PFI,2,WHITE,BLACK,148,208,10,27
GBMLGG,"('Protein', 'MicroRNA')",PFI,2,WHITE,BLACK,133,92,8,8
GBMLGG,"('Protein', 'mRNA')",DSS,2,WHITE,BLACK,178,84,10,7
GBMLGG,"('Protein', 'mRNA')",OS,2,WHITE,BLACK,185,89,10,7
GBMLGG,"('Protein', 'mRNA')",PFI,1,WHITE,BLACK,267,98,15,9
GBMLGG,"('Protein', 'mRNA')",PFI,2,WHITE,BLACK,141,149,8,14
HNSC,"('MicroRNA', 'Methylation')",DSS,1,WHITE,BLACK,319,39,31,10
HNSC,"('MicroRNA', 'Methylation')",DSS,2,WHITE,BLACK,192,79,12,13
HNSC,"('MicroRNA', 'Methylation')",DSS,3,WHITE,BLACK,121,91,5,13
HNSC,"('MicroRNA', 'Methylation')",OS,1,WHITE,BLACK,331,66,33,12
HNSC,"('MicroRNA', 'Methylation')",OS,2,WHITE,BLACK,199,121,12,19
HNSC,"('MicroRNA', 'Methylation')",OS,3,WHITE,BLACK,125,142,5,21
HNSC,"('MicroRNA', 'Methylation')",PFI,1,WHITE,BLACK,286,93,29,14
HNSC,"('MicroRNA', 'Methylation')",PFI,2,WHITE,BLACK,176,131,11,19
HNSC,"('MicroRNA', 'Methylation')",PFI,3,WHITE,BLACK,113,140,5,20
HNSC,"('mRNA', 'Methylation')",DSS,1,WHITE,BLACK,319,39,30,10
HNSC,"('mRNA', 'Methylation')",DSS,2,WHITE,BLACK,192,79,12,13
HNSC,"('mRNA', 'Methylation')",DSS,3,WHITE,BLACK,121,91,5,13
HNSC,"('mRNA', 'Methylation')",OS,1,WHITE,BLACK,331,63,32,12
HNSC,"('mRNA', 'Methylation')",OS,2,WHITE,BLACK,199,118,12,19
HNSC,"('mRNA', 'Methylation')",OS,3,WHITE,BLACK,125,139,5,21
HNSC,"('mRNA', 'Methylation')",PFI,1,WHITE,BLACK,286,93,29,13
HNSC,"('mRNA', 'Methylation')",PFI,2,WHITE,BLACK,176,131,11,18
HNSC,"('mRNA', 'Methylation')",PFI,3,WHITE,BLACK,113,140,5,19
HNSC,"('mRNA', 'MicroRNA')",DSS,1,WHITE,BLACK,324,39,31,10
HNSC,"('mRNA', 'MicroRNA')",DSS,2,WHITE,BLACK,195,81,12,13
HNSC,"('mRNA', 'MicroRNA')",DSS,3,WHITE,BLACK,121,93,5,13
HNSC,"('mRNA', 'MicroRNA')",OS,1,WHITE,BLACK,336,63,33,12
HNSC,"('mRNA', 'MicroRNA')",OS,2,WHITE,BLACK,202,120,12,19
HNSC,"('mRNA', 'MicroRNA')",OS,3,WHITE,BLACK,125,141,5,21
HNSC,"('mRNA', 'MicroRNA')",PFI,1,WHITE,BLACK,289,95,30,13
HNSC,"('mRNA', 'MicroRNA')",PFI,2,WHITE,BLACK,179,134,11,18
HNSC,"('mRNA', 'MicroRNA')",PFI,3,WHITE,BLACK,113,143,5,19
HNSC,"('Protein', 'Methylation')",DSS,1,WHITE,BLACK,119,22,13,5
HNSC,"('Protein', 'Methylation')",DSS,2,WHITE,BLACK,80,42,8,6
HNSC,"('Protein', 'Methylation')",DSS,3,WHITE,BLACK,63,49,5,6
HNSC,"('Protein', 'Methylation')",OS,1,WHITE,BLACK,129,38,14,6
HNSC,"('Protein', 'Methylation')",OS,2,WHITE,BLACK,86,69,8,9
HNSC,"('Protein', 'Methylation')",OS,3,WHITE,BLACK,66,82,5,11
HNSC,"('Protein', 'Methylation')",PFI,1,WHITE,BLACK,114,40,13,6
HNSC,"('Protein', 'Methylation')",PFI,2,WHITE,BLACK,79,56,7,8
HNSC,"('Protein', 'Methylation')",PFI,3,WHITE,BLACK,63,60,5,8
HNSC,"('Protein', 'MicroRNA')",DSS,1,WHITE,BLACK,120,22,14,5
HNSC,"('Protein', 'MicroRNA')",DSS,2,WHITE,BLACK,80,43,8,6
HNSC,"('Protein', 'MicroRNA')",DSS,3,WHITE,BLACK,63,50,5,6
HNSC,"('Protein', 'MicroRNA')",OS,1,WHITE,BLACK,130,38,15,6
HNSC,"('Protein', 'MicroRNA')",OS,2,WHITE,BLACK,86,70,8,9
HNSC,"('Protein', 'MicroRNA')",OS,3,WHITE,BLACK,66,83,5,11
HNSC,"('Protein', 'MicroRNA')",PFI,1,WHITE,BLACK,115,40,14,6
HNSC,"('Protein', 'MicroRNA')",PFI,2,WHITE,BLACK,79,57,7,8
HNSC,"('Protein', 'MicroRNA')",PFI,3,WHITE,BLACK,63,61,5,8
HNSC,"('Protein', 'mRNA')",DSS,1,WHITE,BLACK,122,22,14,5
HNSC,"('Protein', 'mRNA')",DSS,2,WHITE,BLACK,82,43,8,6
HNSC,"('Protein', 'mRNA')",DSS,3,WHITE,BLACK,64,50,5,6
HNSC,"('Protein', 'mRNA')",OS,1,WHITE,BLACK,132,38,15,6
HNSC,"('Protein', 'mRNA')",OS,2,WHITE,BLACK,88,70,8,9
HNSC,"('Protein', 'mRNA')",OS,3,WHITE,BLACK,67,83,5,11
HNSC,"('Protein', 'mRNA')",PFI,1,WHITE,BLACK,117,40,14,6
HNSC,"('Protein', 'mRNA')",PFI,2,WHITE,BLACK,81,57,7,8
HNSC,"('Protein', 'mRNA')",PFI,3,WHITE,BLACK,64,61,5,8
KIPAN,"('MicroRNA', 'Methylation')",DFI,2,WHITE,BLACK,143,17,26,5
KIPAN,"('MicroRNA', 'Methylation')",DFI,3,WHITE,BLACK,109,21,13,5
KIPAN,"('MicroRNA', 'Methylation')",DFI,4,WHITE,BLACK,90,25,10,5
KIPAN,"('MicroRNA', 'Methylation')",DFI,5,WHITE,BLACK,69,26,8,5
KIPAN,"('MicroRNA', 'Methylation')",DSS,1,WHITE,BLACK,536,41,89,7
KIPAN,"('MicroRNA', 'Methylation')",DSS,2,WHITE,BLACK,427,67,49,9
KIPAN,"('MicroRNA', 'Methylation')",DSS,3,WHITE,BLACK,338,86,31,9
KIPAN,"('MicroRNA', 'Methylation')",DSS,4,WHITE,BLACK,266,101,23,9
KIPAN,"('MicroRNA', 'Methylation')",DSS,5,WHITE,BLACK,189,112,15,10
KIPAN,"('MicroRNA', 'Methylation')",OS,1,WHITE,BLACK,549,55,90,8
KIPAN,"('MicroRNA', 'Methylation')",OS,2,WHITE,BLACK,437,92,50,10
KIPAN,"('MicroRNA', 'Methylation')",OS,3,WHITE,BLACK,344,122,32,12
KIPAN,"('MicroRNA', 'Methylation')",OS,4,WHITE,BLACK,272,143,24,12
KIPAN,"('MicroRNA', 'Methylation')",OS,5,WHITE,BLACK,195,164,15,17
KIPAN,"('MicroRNA', 'Methylation')",PFI,1,WHITE,BLACK,495,93,85,12
KIPAN,"('MicroRNA', 'Methylation')",PFI,2,WHITE,BLACK,378,129,46,18
KIPAN,"('MicroRNA', 'Methylation')",PFI,3,WHITE,BLACK,296,147,29,18
KIPAN,"('MicroRNA', 'Methylation')",PFI,4,WHITE,BLACK,233,159,19,20
KIPAN,"('MicroRNA', 'Methylation')",PFI,5,WHITE,BLACK,166,166,11,21
KIPAN,"('mRNA', 'Methylation')",DFI,2,WHITE,BLACK,145,17,26,5
KIPAN,"('mRNA', 'Methylation')",DFI,3,WHITE,BLACK,111,21,13,5
KIPAN,"('mRNA', 'Methylation')",DFI,4,WHITE,BLACK,91,26,10,5
KIPAN,"('mRNA', 'Methylation')",DFI,5,WHITE,BLACK,70,27,8,5
KIPAN,"('mRNA', 'Methylation')",DSS,1,WHITE,BLACK,549,41,89,7
KIPAN,"('mRNA', 'Methylation')",DSS,2,WHITE,BLACK,437,68,49,9
KIPAN,"('mRNA', 'Methylation')",DSS,3,WHITE,BLACK,347,87,31,9
KIPAN,"('mRNA', 'Methylation')",DSS,4,WHITE,BLACK,272,102,23,9
KIPAN,"('mRNA', 'Methylation')",DSS,5,WHITE,BLACK,195,113,15,10
KIPAN,"('mRNA', 'Methylation')",OS,1,WHITE,BLACK,561,55,90,8
KIPAN,"('mRNA', 'Methylation')",OS,2,WHITE,BLACK,447,93,50,10
KIPAN,"('mRNA', 'Methylation')",OS,3,WHITE,BLACK,353,123,32,12
KIPAN,"('mRNA', 'Methylation')",OS,4,WHITE,BLACK,278,145,24,12
KIPAN,"('mRNA', 'Methylation')",OS,5,WHITE,BLACK,201,166,15,17
KIPAN,"('mRNA', 'Methylation')",PFI,1,WHITE,BLACK,506,94,85,12
KIPAN,"('mRNA', 'Methylation')",PFI,2,WHITE,BLACK,388,130,46,18
KIPAN,"('mRNA', 'Methylation')",PFI,3,WHITE,BLACK,305,148,29,18
KIPAN,"('mRNA', 'Methylation')",PFI,4,WHITE,BLACK,238,161,19,20
KIPAN,"('mRNA', 'Methylation')",PFI,5,WHITE,BLACK,171,168,11,21
KIPAN,"('mRNA', 'MicroRNA')",DFI,2,WHITE,BLACK,151,17,26,5
KIPAN,"('mRNA', 'MicroRNA')",DFI,3,WHITE,BLACK,114,21,13,5
KIPAN,"('mRNA', 'MicroRNA')",DFI,4,WHITE,BLACK,95,25,10,5
KIPAN,"('mRNA', 'MicroRNA')",DFI,5,WHITE,BLACK,72,26,8,5
KIPAN,"('mRNA', 'MicroRNA')",DSS,1,WHITE,BLACK,553,41,89,7
KIPAN,"('mRNA', 'MicroRNA')",DSS,2,WHITE,BLACK,441,68,49,9
KIPAN,"('mRNA', 'MicroRNA')",DSS,3,WHITE,BLACK,349,87,31,9
KIPAN,"('mRNA', 'MicroRNA')",DSS,4,WHITE,BLACK,275,102,23,9
KIPAN,"('mRNA', 'MicroRNA')",DSS,5,WHITE,BLACK,195,113,15,10
KIPAN,"('mRNA', 'MicroRNA')",OS,1,WHITE,BLACK,565,55,90,8
KIPAN,"('mRNA', 'MicroRNA')",OS,2,WHITE,BLACK,451,92,50,10
KIPAN,"('mRNA', 'MicroRNA')",OS,3,WHITE,BLACK,355,122,32,12
KIPAN,"('mRNA', 'MicroRNA')",OS,4,WHITE,BLACK,281,144,24,12
KIPAN,"('mRNA', 'MicroRNA')",OS,5,WHITE,BLACK,201,165,15,17
KIPAN,"('mRNA', 'MicroRNA')",PFI,1,WHITE,BLACK,510,94,85,12
KIPAN,"('mRNA', 'MicroRNA')",PFI,2,WHITE,BLACK,391,131,46,18
KIPAN,"('mRNA', 'MicroRNA')",PFI,3,WHITE,BLACK,306,149,29,18
KIPAN,"('mRNA', 'MicroRNA')",PFI,4,WHITE,BLACK,241,161,19,20
KIPAN,"('mRNA', 'MicroRNA')",PFI,5,WHITE,BLACK,172,168,11,21
KIPAN,"('Protein', 'Methylation')",DFI,1,WHITE,BLACK,150,8,45,5
KIPAN,"('Protein', 'Methylation')",DFI,2,WHITE,BLACK,113,14,23,6
KIPAN,"('Protein', 'Methylation')",DFI,3,WHITE,BLACK,86,18,13,6
KIPAN,"('Protein', 'Methylation')",DFI,4,WHITE,BLACK,69,22,10,6
KIPAN,"('Protein', 'Methylation')",DFI,5,WHITE,BLACK,53,23,8,6
KIPAN,"('Protein', 'Methylation')",DSS,1,WHITE,BLACK,467,39,72,7
KIPAN,"('Protein', 'Methylation')",DSS,2,WHITE,BLACK,379,62,41,9
KIPAN,"('Protein', 'Methylation')",DSS,3,WHITE,BLACK,304,79,30,9
KIPAN,"('Protein', 'Methylation')",DSS,4,WHITE,BLACK,239,94,22,9
KIPAN,"('Protein', 'Methylation')",DSS,5,WHITE,BLACK,171,104,16,10
KIPAN,"('Protein', 'Methylation')",OS,1,WHITE,BLACK,476,53,73,8
KIPAN,"('Protein', 'Methylation')",OS,2,WHITE,BLACK,387,84,42,10
KIPAN,"('Protein', 'Methylation')",OS,3,WHITE,BLACK,308,112,31,12
KIPAN,"('Protein', 'Methylation')",OS,4,WHITE,BLACK,243,133,23,12
KIPAN,"('Protein', 'Methylation')",OS,5,WHITE,BLACK,175,152,16,15
KIPAN,"('Protein', 'Methylation')",PFI,1,WHITE,BLACK,427,87,67,13
KIPAN,"('Protein', 'Methylation')",PFI,2,WHITE,BLACK,330,123,38,18
KIPAN,"('Protein', 'Methylation')",PFI,3,WHITE,BLACK,262,139,27,18
KIPAN,"('Protein', 'Methylation')",PFI,4,WHITE,BLACK,204,151,17,20
KIPAN,"('Protein', 'Methylation')",PFI,5,WHITE,BLACK,145,158,11,21
KIPAN,"('Protein', 'MicroRNA')",DFI,1,WHITE,BLACK,155,8,45,5
KIPAN,"('Protein', 'MicroRNA')",DFI,2,WHITE,BLACK,119,14,23,6
KIPAN,"('Protein', 'MicroRNA')",DFI,3,WHITE,BLACK,90,18,13,6
KIPAN,"('Protein', 'MicroRNA')",DFI,4,WHITE,BLACK,74,21,10,6
KIPAN,"('Protein', 'MicroRNA')",DFI,5,WHITE,BLACK,56,22,8,6
KIPAN,"('Protein', 'MicroRNA')",DSS,1,WHITE,BLACK,471,39,72,7
KIPAN,"('Protein', 'MicroRNA')",DSS,2,WHITE,BLACK,383,62,41,9
KIPAN,"('Protein', 'MicroRNA')",DSS,3,WHITE,BLACK,306,79,30,9
KIPAN,"('Protein', 'MicroRNA')",DSS,4,WHITE,BLACK,243,93,22,9
KIPAN,"('Protein', 'MicroRNA')",DSS,5,WHITE,BLACK,172,103,16,10
KIPAN,"('Protein', 'MicroRNA')",OS,1,WHITE,BLACK,480,53,73,8
KIPAN,"('Protein', 'MicroRNA')",OS,2,WHITE,BLACK,391,83,42,10
KIPAN,"('Protein', 'MicroRNA')",OS,3,WHITE,BLACK,310,111,31,12
KIPAN,"('Protein', 'MicroRNA')",OS,4,WHITE,BLACK,247,132,23,12
KIPAN,"('Protein', 'MicroRNA')",OS,5,WHITE,BLACK,176,151,16,15
KIPAN,"('Protein', 'MicroRNA')",PFI,1,WHITE,BLACK,431,87,67,13
KIPAN,"('Protein', 'MicroRNA')",PFI,2,WHITE,BLACK,334,123,38,18
KIPAN,"('Protein', 'MicroRNA')",PFI,3,WHITE,BLACK,264,139,27,18
KIPAN,"('Protein', 'MicroRNA')",PFI,4,WHITE,BLACK,208,150,17,20
KIPAN,"('Protein', 'MicroRNA')",PFI,5,WHITE,BLACK,147,157,11,21
KIPAN,"('Protein', 'mRNA')",DFI,1,WHITE,BLACK,159,8,46,5
KIPAN,"('Protein', 'mRNA')",DFI,2,WHITE,BLACK,122,14,23,6
KIPAN,"('Protein', 'mRNA')",DFI,3,WHITE,BLACK,92,18,13,6
KIPAN,"('Protein', 'mRNA')",DFI,4,WHITE,BLACK,75,22,10,6
KIPAN,"('Protein', 'mRNA')",DFI,5,WHITE,BLACK,57,23,8,6
KIPAN,"('Protein', 'mRNA')",DSS,1,WHITE,BLACK,500,39,73,7
KIPAN,"('Protein', 'mRNA')",DSS,2,WHITE,BLACK,406,63,41,9
KIPAN,"('Protein', 'mRNA')",DSS,3,WHITE,BLACK,324,81,30,9
KIPAN,"('Protein', 'mRNA')",DSS,4,WHITE,BLACK,255,95,22,9
KIPAN,"('Protein', 'mRNA')",DSS,5,WHITE,BLACK,180,106,16,10
KIPAN,"('Protein', 'mRNA')",OS,1,WHITE,BLACK,509,54,74,8
KIPAN,"('Protein', 'mRNA')",OS,2,WHITE,BLACK,414,87,42,10
KIPAN,"('Protein', 'mRNA')",OS,3,WHITE,BLACK,328,117,31,12
KIPAN,"('Protein', 'mRNA')",OS,4,WHITE,BLACK,259,139,23,12
KIPAN,"('Protein', 'mRNA')",OS,5,WHITE,BLACK,184,159,16,15
KIPAN,"('Protein', 'mRNA')",PFI,1,WHITE,BLACK,456,91,68,13
KIPAN,"('Protein', 'mRNA')",PFI,2,WHITE,BLACK,355,127,38,18
KIPAN,"('Protein', 'mRNA')",PFI,3,WHITE,BLACK,281,143,27,18
KIPAN,"('Protein', 'mRNA')",PFI,4,WHITE,BLACK,218,155,17,20
KIPAN,"('Protein', 'mRNA')",PFI,5,WHITE,BLACK,153,163,11,21
KIRC,"('MicroRNA', 'Methylation')",DSS,5,WHITE,BLACK,119,89,8,5
KIRC,"('MicroRNA', 'Methylation')",OS,2,WHITE,BLACK,285,73,22,5
KIRC,"('MicroRNA', 'Methylation')",OS,3,WHITE,BLACK,232,98,16,7
KIRC,"('MicroRNA', 'Methylation')",OS,4,WHITE,BLACK,178,115,14,7
KIRC,"('MicroRNA', 'Methylation')",OS,5,WHITE,BLACK,122,131,8,10
KIRC,"('MicroRNA', 'Methylation')",PFI,1,WHITE,BLACK,299,70,36,5
KIRC,"('MicroRNA', 'Methylation')",PFI,2,WHITE,BLACK,241,97,20,7
KIRC,"('MicroRNA', 'Methylation')",PFI,3,WHITE,BLACK,198,109,14,7
KIRC,"('MicroRNA', 'Methylation')",PFI,4,WHITE,BLACK,150,118,10,9
KIRC,"('MicroRNA', 'Methylation')",PFI,5,WHITE,BLACK,100,124,5,10
KIRC,"('mRNA', 'Methylation')",DSS,5,WHITE,BLACK,125,90,8,5
KIRC,"('mRNA', 'Methylation')",OS,2,WHITE,BLACK,295,74,22,5
KIRC,"('mRNA', 'Methylation')",OS,3,WHITE,BLACK,241,99,16,7
KIRC,"('mRNA', 'Methylation')",OS,4,WHITE,BLACK,184,117,14,7
KIRC,"('mRNA', 'Methylation')",OS,5,WHITE,BLACK,128,133,8,10
KIRC,"('mRNA', 'Methylation')",PFI,1,WHITE,BLACK,310,71,36,5
KIRC,"('mRNA', 'Methylation')",PFI,2,WHITE,BLACK,251,98,20,7
KIRC,"('mRNA', 'Methylation')",PFI,3,WHITE,BLACK,207,110,14,7
KIRC,"('mRNA', 'Methylation')",PFI,4,WHITE,BLACK,155,120,10,9
KIRC,"('mRNA', 'Methylation')",PFI,5,WHITE,BLACK,105,126,5,10
KIRC,"('mRNA', 'MicroRNA')",DSS,5,WHITE,BLACK,120,89,8,5
KIRC,"('mRNA', 'MicroRNA')",OS,2,WHITE,BLACK,289,72,22,5
KIRC,"('mRNA', 'MicroRNA')",OS,3,WHITE,BLACK,236,97,16,7
KIRC,"('mRNA', 'MicroRNA')",OS,4,WHITE,BLACK,180,115,14,7
KIRC,"('mRNA', 'MicroRNA')",OS,5,WHITE,BLACK,123,131,8,10
KIRC,"('mRNA', 'MicroRNA')",PFI,1,WHITE,BLACK,304,70,36,5
KIRC,"('mRNA', 'MicroRNA')",PFI,2,WHITE,BLACK,244,98,20,7
KIRC,"('mRNA', 'MicroRNA')",PFI,3,WHITE,BLACK,201,110,14,7
KIRC,"('mRNA', 'MicroRNA')",PFI,4,WHITE,BLACK,151,119,10,9
KIRC,"('mRNA', 'MicroRNA')",PFI,5,WHITE,BLACK,101,125,5,10
KIRC,"('Protein', 'Methylation')",DSS,5,WHITE,BLACK,109,87,8,5
KIRC,"('Protein', 'Methylation')",OS,2,WHITE,BLACK,265,71,21,5
KIRC,"('Protein', 'Methylation')",OS,3,WHITE,BLACK,215,94,16,7
KIRC,"('Protein', 'Methylation')",OS,4,WHITE,BLACK,164,112,14,7
KIRC,"('Protein', 'Methylation')",OS,5,WHITE,BLACK,112,127,8,10
KIRC,"('Protein', 'Methylation')",PFI,1,WHITE,BLACK,278,69,31,5
KIRC,"('Protein', 'Methylation')",PFI,2,WHITE,BLACK,222,97,19,7
KIRC,"('Protein', 'Methylation')",PFI,3,WHITE,BLACK,181,108,14,7
KIRC,"('Protein', 'Methylation')",PFI,4,WHITE,BLACK,136,118,10,9
KIRC,"('Protein', 'Methylation')",PFI,5,WHITE,BLACK,89,124,5,10
KIRC,"('Protein', 'MicroRNA')",DSS,5,WHITE,BLACK,105,85,8,5
KIRC,"('Protein', 'MicroRNA')",OS,2,WHITE,BLACK,260,69,21,5
KIRC,"('Protein', 'MicroRNA')",OS,3,WHITE,BLACK,210,92,16,7
KIRC,"('Protein', 'MicroRNA')",OS,4,WHITE,BLACK,161,110,14,7
KIRC,"('Protein', 'MicroRNA')",OS,5,WHITE,BLACK,108,125,8,10
KIRC,"('Protein', 'MicroRNA')",PFI,1,WHITE,BLACK,273,68,31,5
KIRC,"('Protein', 'MicroRNA')",PFI,2,WHITE,BLACK,217,96,19,7
KIRC,"('Protein', 'MicroRNA')",PFI,3,WHITE,BLACK,176,107,14,7
KIRC,"('Protein', 'MicroRNA')",PFI,4,WHITE,BLACK,133,116,10,9
KIRC,"('Protein', 'MicroRNA')",PFI,5,WHITE,BLACK,86,122,5,10
KIRC,"('Protein', 'mRNA')",DSS,5,WHITE,BLACK,113,87,8,5
KIRC,"('Protein', 'mRNA')",OS,2,WHITE,BLACK,280,73,21,5
KIRC,"('Protein', 'mRNA')",OS,3,WHITE,BLACK,226,98,16,7
KIRC,"('Protein', 'mRNA')",OS,4,WHITE,BLACK,172,116,14,7
KIRC,"('Protein', 'mRNA')",OS,5,WHITE,BLACK,116,131,8,10
KIRC,"('Protein', 'mRNA')",PFI,1,WHITE,BLACK,295,71,32,5
KIRC,"('Protein', 'mRNA')",PFI,2,WHITE,BLACK,235,99,19,7
KIRC,"('Protein', 'mRNA')",PFI,3,WHITE,BLACK,191,110,14,7
KIRC,"('Protein', 'mRNA')",PFI,4,WHITE,BLACK,142,120,10,9
KIRC,"('Protein', 'mRNA')",PFI,5,WHITE,BLACK,92,126,5,10
KIRP,"('MicroRNA', 'Methylation')",DSS,2,WHITE,BLACK,101,14,25,5
KIRP,"('MicroRNA', 'Methylation')",DSS,3,WHITE,BLACK,69,14,13,5
KIRP,"('MicroRNA', 'Methylation')",DSS,4,WHITE,BLACK,53,17,9,5
KIRP,"('MicroRNA', 'Methylation')",DSS,5,WHITE,BLACK,37,18,6,5
KIRP,"('MicroRNA', 'Methylation')",OS,2,WHITE,BLACK,105,16,25,5
KIRP,"('MicroRNA', 'Methylation')",OS,3,WHITE,BLACK,72,19,13,5
KIRP,"('MicroRNA', 'Methylation')",OS,4,WHITE,BLACK,56,22,9,5
KIRP,"('MicroRNA', 'Methylation')",OS,5,WHITE,BLACK,40,26,6,7
KIRP,"('MicroRNA', 'Methylation')",PFI,1,WHITE,BLACK,149,19,45,7
KIRP,"('MicroRNA', 'Methylation')",PFI,2,WHITE,BLACK,93,27,23,11
KIRP,"('MicroRNA', 'Methylation')",PFI,3,WHITE,BLACK,60,31,12,11
KIRP,"('MicroRNA', 'Methylation')",PFI,4,WHITE,BLACK,46,34,8,11
KIRP,"('MicroRNA', 'Methylation')",PFI,5,WHITE,BLACK,33,35,5,11
KIRP,"('mRNA', 'Methylation')",DSS,2,WHITE,BLACK,101,14,25,5
KIRP,"('mRNA', 'Methylation')",DSS,3,WHITE,BLACK,69,14,13,5
KIRP,"('mRNA', 'Methylation')",DSS,4,WHITE,BLACK,53,17,9,5
KIRP,"('mRNA', 'Methylation')",DSS,5,WHITE,BLACK,37,18,6,5
KIRP,"('mRNA', 'Methylation')",OS,2,WHITE,BLACK,105,16,25,5
KIRP,"('mRNA', 'Methylation')",OS,3,WHITE,BLACK,72,19,13,5
KIRP,"('mRNA', 'Methylation')",OS,4,WHITE,BLACK,56,22,9,5
KIRP,"('mRNA', 'Methylation')",OS,5,WHITE,BLACK,40,26,6,7
KIRP,"('mRNA', 'Methylation')",PFI,1,WHITE,BLACK,149,19,45,7
KIRP,"('mRNA', 'Methylation')",PFI,2,WHITE,BLACK,93,27,23,11
KIRP,"('mRNA', 'Methylation')",PFI,3,WHITE,BLACK,60,31,12,11
KIRP,"('mRNA', 'Methylation')",PFI,4,WHITE,BLACK,46,34,8,11
KIRP,"('mRNA', 'Methylation')",PFI,5,WHITE,BLACK,33,35,5,11
KIRP,"('mRNA', 'MicroRNA')",DSS,2,WHITE,BLACK,111,15,25,5
KIRP,"('mRNA', 'MicroRNA')",DSS,3,WHITE,BLACK,76,15,13,5
KIRP,"('mRNA', 'MicroRNA')",DSS,4,WHITE,BLACK,60,18,9,5
KIRP,"('mRNA', 'MicroRNA')",DSS,5,WHITE,BLACK,42,19,6,5
KIRP,"('mRNA', 'MicroRNA')",OS,2,WHITE,BLACK,115,17,25,5
KIRP,"('mRNA', 'MicroRNA')",OS,3,WHITE,BLACK,79,20,13,5
KIRP,"('mRNA', 'MicroRNA')",OS,4,WHITE,BLACK,63,23,9,5
KIRP,"('mRNA', 'MicroRNA')",OS,5,WHITE,BLACK,45,27,6,7
KIRP,"('mRNA', 'MicroRNA')",PFI,1,WHITE,BLACK,159,20,45,7
KIRP,"('mRNA', 'MicroRNA')",PFI,2,WHITE,BLACK,103,28,23,11
KIRP,"('mRNA', 'MicroRNA')",PFI,3,WHITE,BLACK,67,32,12,11
KIRP,"('mRNA', 'MicroRNA')",PFI,4,WHITE,BLACK,53,35,8,11
KIRP,"('mRNA', 'MicroRNA')",PFI,5,WHITE,BLACK,38,36,5,11
KIRP,"('Protein', 'Methylation')",DFI,2,WHITE,BLACK,41,9,13,5
KIRP,"('Protein', 'Methylation')",DFI,3,WHITE,BLACK,29,10,7,5
KIRP,"('Protein', 'Methylation')",DFI,4,WHITE,BLACK,19,12,5,5
KIRP,"('Protein', 'Methylation')",DFI,5,WHITE,BLACK,14,12,5,5
KIRP,"('Protein', 'Methylation')",DSS,2,WHITE,BLACK,76,9,18,5
KIRP,"('Protein', 'Methylation')",DSS,3,WHITE,BLACK,54,9,12,5
KIRP,"('Protein', 'Methylation')",DSS,4,WHITE,BLACK,41,12,8,5
KIRP,"('Protein', 'Methylation')",DSS,5,WHITE,BLACK,29,13,7,5
KIRP,"('Protein', 'Methylation')",OS,2,WHITE,BLACK,78,10,18,5
KIRP,"('Protein', 'Methylation')",OS,3,WHITE,BLACK,55,13,12,5
KIRP,"('Protein', 'Methylation')",OS,4,WHITE,BLACK,42,16,8,5
KIRP,"('Protein', 'Methylation')",OS,5,WHITE,BLACK,30,19,7,5
KIRP,"('Protein', 'Methylation')",PFI,1,WHITE,BLACK,105,14,32,8
KIRP,"('Protein', 'Methylation')",PFI,2,WHITE,BLACK,67,21,16,11
KIRP,"('Protein', 'Methylation')",PFI,3,WHITE,BLACK,44,25,10,11
KIRP,"('Protein', 'Methylation')",PFI,4,WHITE,BLACK,32,27,6,11
KIRP,"('Protein', 'Methylation')",PFI,5,WHITE,BLACK,23,28,5,11
KIRP,"('Protein', 'MicroRNA')",DFI,2,WHITE,BLACK,48,9,13,5
KIRP,"('Protein', 'MicroRNA')",DFI,3,WHITE,BLACK,34,10,7,5
KIRP,"('Protein', 'MicroRNA')",DFI,4,WHITE,BLACK,24,12,5,5
KIRP,"('Protein', 'MicroRNA')",DFI,5,WHITE,BLACK,17,12,5,5
KIRP,"('Protein', 'MicroRNA')",DSS,2,WHITE,BLACK,85,10,18,5
KIRP,"('Protein', 'MicroRNA')",DSS,3,WHITE,BLACK,61,10,12,5
KIRP,"('Protein', 'MicroRNA')",DSS,4,WHITE,BLACK,48,13,8,5
KIRP,"('Protein', 'MicroRNA')",DSS,5,WHITE,BLACK,34,14,7,5
KIRP,"('Protein', 'MicroRNA')",OS,2,WHITE,BLACK,87,11,18,5
KIRP,"('Protein', 'MicroRNA')",OS,3,WHITE,BLACK,62,14,12,5
KIRP,"('Protein', 'MicroRNA')",OS,4,WHITE,BLACK,49,17,8,5
KIRP,"('Protein', 'MicroRNA')",OS,5,WHITE,BLACK,35,20,7,5
KIRP,"('Protein', 'MicroRNA')",PFI,1,WHITE,BLACK,114,15,32,8
KIRP,"('Protein', 'MicroRNA')",PFI,2,WHITE,BLACK,76,22,16,11
KIRP,"('Protein', 'MicroRNA')",PFI,3,WHITE,BLACK,51,26,10,11
KIRP,"('Protein', 'MicroRNA')",PFI,4,WHITE,BLACK,39,28,6,11
KIRP,"('Protein', 'MicroRNA')",PFI,5,WHITE,BLACK,28,29,5,11
KIRP,"('Protein', 'mRNA')",DFI,2,WHITE,BLACK,49,9,13,5
KIRP,"('Protein', 'mRNA')",DFI,3,WHITE,BLACK,34,10,7,5
KIRP,"('Protein', 'mRNA')",DFI,4,WHITE,BLACK,24,12,5,5
KIRP,"('Protein', 'mRNA')",DFI,5,WHITE,BLACK,17,12,5,5
KIRP,"('Protein', 'mRNA')",DSS,2,WHITE,BLACK,88,10,18,5
KIRP,"('Protein', 'mRNA')",DSS,3,WHITE,BLACK,63,10,12,5
KIRP,"('Protein', 'mRNA')",DSS,4,WHITE,BLACK,49,13,8,5
KIRP,"('Protein', 'mRNA')",DSS,5,WHITE,BLACK,34,15,7,5
KIRP,"('Protein', 'mRNA')",OS,2,WHITE,BLACK,90,11,18,5
KIRP,"('Protein', 'mRNA')",OS,3,WHITE,BLACK,64,14,12,5
KIRP,"('Protein', 'mRNA')",OS,4,WHITE,BLACK,50,18,8,5
KIRP,"('Protein', 'mRNA')",OS,5,WHITE,BLACK,35,22,7,5
KIRP,"('Protein', 'mRNA')",PFI,1,WHITE,BLACK,117,16,32,8
KIRP,"('Protein', 'mRNA')",PFI,2,WHITE,BLACK,79,23,16,11
KIRP,"('Protein', 'mRNA')",PFI,3,WHITE,BLACK,53,27,10,11
KIRP,"('Protein', 'mRNA')",PFI,4,WHITE,BLACK,40,29,6,11
KIRP,"('Protein', 'mRNA')",PFI,5,WHITE,BLACK,28,31,5,11
LGG,"('MicroRNA', 'Methylation')",PFI,2,WHITE,BLACK,164,116,10,9
LGG,"('mRNA', 'Methylation')",PFI,2,WHITE,BLACK,165,116,10,9
LGG,"('mRNA', 'MicroRNA')",PFI,2,WHITE,BLACK,166,116,10,9
LGG,"('Protein', 'Methylation')",PFI,2,WHITE,BLACK,134,92,8,8
LGG,"('Protein', 'MicroRNA')",PFI,2,WHITE,BLACK,133,92,8,8
LGG,"('Protein', 'mRNA')",PFI,2,WHITE,BLACK,134,92,8,8
LUAD,"('MicroRNA', 'Methylation')",DFI,2,WHITE,BLACK,84,53,14,6
LUAD,"('MicroRNA', 'Methylation')",DFI,3,WHITE,BLACK,58,60,8,8
LUAD,"('MicroRNA', 'Methylation')",DFI,4,WHITE,BLACK,33,65,5,9
LUAD,"('MicroRNA', 'Methylation')",DFI,5,WHITE,BLACK,22,65,5,9
LUAD,"('MicroRNA', 'Methylation')",DSS,1,WHITE,BLACK,283,21,43,5
LUAD,"('MicroRNA', 'Methylation')",DSS,2,WHITE,BLACK,151,46,21,11
LUAD,"('MicroRNA', 'Methylation')",DSS,3,WHITE,BLACK,90,67,12,13
LUAD,"('MicroRNA', 'Methylation')",DSS,4,WHITE,BLACK,50,75,8,15
LUAD,"('MicroRNA', 'Methylation')",DSS,5,WHITE,BLACK,30,81,8,15
LUAD,"('MicroRNA', 'Methylation')",OS,1,WHITE,BLACK,298,37,44,6
LUAD,"('MicroRNA', 'Methylation')",OS,2,WHITE,BLACK,162,75,22,13
LUAD,"('MicroRNA', 'Methylation')",OS,3,WHITE,BLACK,98,101,13,15
LUAD,"('MicroRNA', 'Methylation')",OS,4,WHITE,BLACK,54,117,8,18
LUAD,"('MicroRNA', 'Methylation')",OS,5,WHITE,BLACK,33,130,8,18
LUAD,"('MicroRNA', 'Methylation')",PFI,1,WHITE,BLACK,256,65,43,6
LUAD,"('MicroRNA', 'Methylation')",PFI,2,WHITE,BLACK,114,119,18,17
LUAD,"('MicroRNA', 'Methylation')",PFI,3,WHITE,BLACK,70,140,10,20
LUAD,"('MicroRNA', 'Methylation')",PFI,4,WHITE,BLACK,37,148,5,23
LUAD,"('MicroRNA', 'Methylation')",PFI,5,WHITE,BLACK,24,150,5,23
LUAD,"('mRNA', 'Methylation')",DFI,2,WHITE,BLACK,84,52,14,6
LUAD,"('mRNA', 'Methylation')",DFI,3,WHITE,BLACK,58,59,8,8
LUAD,"('mRNA', 'Methylation')",DFI,4,WHITE,BLACK,33,64,5,9
LUAD,"('mRNA', 'Methylation')",DFI,5,WHITE,BLACK,22,64,5,9
LUAD,"('mRNA', 'Methylation')",DSS,1,WHITE,BLACK,283,23,43,5
LUAD,"('mRNA', 'Methylation')",DSS,2,WHITE,BLACK,151,48,21,11
LUAD,"('mRNA', 'Methylation')",DSS,3,WHITE,BLACK,89,69,12,13
LUAD,"('mRNA', 'Methylation')",DSS,4,WHITE,BLACK,50,76,8,15
LUAD,"('mRNA', 'Methylation')",DSS,5,WHITE,BLACK,30,82,8,15
LUAD,"('mRNA', 'Methylation')",OS,1,WHITE,BLACK,298,39,44,6
LUAD,"('mRNA', 'Methylation')",OS,2,WHITE,BLACK,162,77,22,13
LUAD,"('mRNA', 'Methylation')",OS,3,WHITE,BLACK,97,103,13,15
LUAD,"('mRNA', 'Methylation')",OS,4,WHITE,BLACK,54,118,8,18
LUAD,"('mRNA', 'Methylation')",OS,5,WHITE,BLACK,33,131,8,18
LUAD,"('mRNA', 'Methylation')",PFI,1,WHITE,BLACK,256,67,43,6
LUAD,"('mRNA', 'Methylation')",PFI,2,WHITE,BLACK,115,120,18,17
LUAD,"('mRNA', 'Methylation')",PFI,3,WHITE,BLACK,70,141,10,20
LUAD,"('mRNA', 'Methylation')",PFI,4,WHITE,BLACK,37,149,5,23
LUAD,"('mRNA', 'Methylation')",PFI,5,WHITE,BLACK,24,151,5,23
LUAD,"('mRNA', 'MicroRNA')",DFI,2,WHITE,BLACK,102,57,14,6
LUAD,"('mRNA', 'MicroRNA')",DFI,3,WHITE,BLACK,73,64,8,8
LUAD,"('mRNA', 'MicroRNA')",DFI,4,WHITE,BLACK,46,69,5,9
LUAD,"('mRNA', 'MicroRNA')",DFI,5,WHITE,BLACK,31,71,5,9
LUAD,"('mRNA', 'MicroRNA')",DSS,1,WHITE,BLACK,317,24,43,5
LUAD,"('mRNA', 'MicroRNA')",DSS,2,WHITE,BLACK,175,50,21,11
LUAD,"('mRNA', 'MicroRNA')",DSS,3,WHITE,BLACK,106,70,12,13
LUAD,"('mRNA', 'MicroRNA')",DSS,4,WHITE,BLACK,62,78,8,15
LUAD,"('mRNA', 'MicroRNA')",DSS,5,WHITE,BLACK,39,85,8,15
LUAD,"('mRNA', 'MicroRNA')",OS,1,WHITE,BLACK,338,49,44,6
LUAD,"('mRNA', 'MicroRNA')",OS,2,WHITE,BLACK,191,89,22,13
LUAD,"('mRNA', 'MicroRNA')",OS,3,WHITE,BLACK,118,115,13,15
LUAD,"('mRNA', 'MicroRNA')",OS,4,WHITE,BLACK,69,132,8,18
LUAD,"('mRNA', 'MicroRNA')",OS,5,WHITE,BLACK,44,147,8,18
LUAD,"('mRNA', 'MicroRNA')",PFI,1,WHITE,BLACK,293,71,43,6
LUAD,"('mRNA', 'MicroRNA')",PFI,2,WHITE,BLACK,137,131,18,17
LUAD,"('mRNA', 'MicroRNA')",PFI,3,WHITE,BLACK,88,151,10,20
LUAD,"('mRNA', 'MicroRNA')",PFI,4,WHITE,BLACK,51,160,5,23
LUAD,"('mRNA', 'MicroRNA')",PFI,5,WHITE,BLACK,32,165,5,23
LUAD,"('Protein', 'Methylation')",DFI,2,WHITE,BLACK,67,29,11,5
LUAD,"('Protein', 'Methylation')",DFI,3,WHITE,BLACK,47,34,7,7
LUAD,"('Protein', 'Methylation')",DSS,1,WHITE,BLACK,196,15,30,5
LUAD,"('Protein', 'Methylation')",DSS,2,WHITE,BLACK,116,32,17,9
LUAD,"('Protein', 'Methylation')",DSS,3,WHITE,BLACK,70,49,10,11
LUAD,"('Protein', 'Methylation')",DSS,4,WHITE,BLACK,37,55,7,12
LUAD,"('Protein', 'Methylation')",DSS,5,WHITE,BLACK,20,59,7,12
LUAD,"('Protein', 'Methylation')",OS,1,WHITE,BLACK,211,28,31,5
LUAD,"('Protein', 'Methylation')",OS,2,WHITE,BLACK,127,55,18,10
LUAD,"('Protein', 'Methylation')",OS,3,WHITE,BLACK,78,77,11,12
LUAD,"('Protein', 'Methylation')",OS,4,WHITE,BLACK,41,91,7,14
LUAD,"('Protein', 'Methylation')",OS,5,WHITE,BLACK,23,101,7,14
LUAD,"('Protein', 'Methylation')",PFI,1,WHITE,BLACK,186,42,30,6
LUAD,"('Protein', 'Methylation')",PFI,2,WHITE,BLACK,93,81,15,14
LUAD,"('Protein', 'Methylation')",PFI,3,WHITE,BLACK,58,97,9,17
LUAD,"('Protein', 'MicroRNA')",DFI,2,WHITE,BLACK,77,33,11,5
LUAD,"('Protein', 'MicroRNA')",DFI,3,WHITE,BLACK,55,38,7,7
LUAD,"('Protein', 'MicroRNA')",DSS,1,WHITE,BLACK,214,16,30,5
LUAD,"('Protein', 'MicroRNA')",DSS,2,WHITE,BLACK,130,33,17,9
LUAD,"('Protein', 'MicroRNA')",DSS,3,WHITE,BLACK,78,50,10,11
LUAD,"('Protein', 'MicroRNA')",DSS,4,WHITE,BLACK,44,57,7,12
LUAD,"('Protein', 'MicroRNA')",DSS,5,WHITE,BLACK,25,62,7,12
LUAD,"('Protein', 'MicroRNA')",OS,1,WHITE,BLACK,234,37,31,5
LUAD,"('Protein', 'MicroRNA')",OS,2,WHITE,BLACK,145,65,18,10
LUAD,"('Protein', 'MicroRNA')",OS,3,WHITE,BLACK,89,88,11,12
LUAD,"('Protein', 'MicroRNA')",OS,4,WHITE,BLACK,51,103,7,14
LUAD,"('Protein', 'MicroRNA')",OS,5,WHITE,BLACK,30,115,7,14
LUAD,"('Protein', 'MicroRNA')",PFI,1,WHITE,BLACK,208,44,30,6
LUAD,"('Protein', 'MicroRNA')",PFI,2,WHITE,BLACK,107,87,15,14
LUAD,"('Protein', 'MicroRNA')",PFI,3,WHITE,BLACK,68,103,9,17
LUAD,"('Protein', 'mRNA')",DFI,2,WHITE,BLACK,79,33,11,5
LUAD,"('Protein', 'mRNA')",DFI,3,WHITE,BLACK,56,38,7,7
LUAD,"('Protein', 'mRNA')",DSS,1,WHITE,BLACK,217,16,30,5
LUAD,"('Protein', 'mRNA')",DSS,2,WHITE,BLACK,132,33,17,9
LUAD,"('Protein', 'mRNA')",DSS,3,WHITE,BLACK,78,51,10,11
LUAD,"('Protein', 'mRNA')",DSS,4,WHITE,BLACK,44,57,7,12
LUAD,"('Protein', 'mRNA')",DSS,5,WHITE,BLACK,25,62,7,12
LUAD,"('Protein', 'mRNA')",OS,1,WHITE,BLACK,237,37,31,5
LUAD,"('Protein', 'mRNA')",OS,2,WHITE,BLACK,147,65,18,10
LUAD,"('Protein', 'mRNA')",OS,3,WHITE,BLACK,89,89,11,12
LUAD,"('Protein', 'mRNA')",OS,4,WHITE,BLACK,51,103,7,14
LUAD,"('Protein', 'mRNA')",OS,5,WHITE,BLACK,30,115,7,14
LUAD,"('Protein', 'mRNA')",PFI,1,WHITE,BLACK,210,45,30,6
LUAD,"('Protein', 'mRNA')",PFI,2,WHITE,BLACK,109,88,15,14
LUAD,"('Protein', 'mRNA')",PFI,3,WHITE,BLACK,69,104,9,17
LUSC,"('MicroRNA', 'Methylation')",DSS,2,WHITE,BLACK,127,37,11,5
LUSC,"('MicroRNA', 'Methylation')",DSS,3,WHITE,BLACK,67,49,9,7
LUSC,"('MicroRNA', 'Methylation')",DSS,4,WHITE,BLACK,50,51,5,9
LUSC,"('MicroRNA', 'Methylation')",OS,1,WHITE,BLACK,237,42,19,8
LUSC,"('MicroRNA', 'Methylation')",OS,2,WHITE,BLACK,143,78,12,11
LUSC,"('MicroRNA', 'Methylation')",OS,3,WHITE,BLACK,81,99,10,13
LUSC,"('MicroRNA', 'Methylation')",OS,4,WHITE,BLACK,61,104,6,17
LUSC,"('MicroRNA', 'Methylation')",OS,5,WHITE,BLACK,50,108,5,17
LUSC,"('MicroRNA', 'Methylation')",PFI,1,WHITE,BLACK,215,42,14,8
LUSC,"('MicroRNA', 'Methylation')",PFI,2,WHITE,BLACK,121,70,8,11
LUSC,"('MicroRNA', 'Methylation')",PFI,3,WHITE,BLACK,68,82,8,11
LUSC,"('MicroRNA', 'Methylation')",PFI,4,WHITE,BLACK,51,84,5,13
LUSC,"('mRNA', 'Methylation')",DSS,2,WHITE,BLACK,131,39,10,5
LUSC,"('mRNA', 'Methylation')",DSS,3,WHITE,BLACK,72,50,9,6
LUSC,"('mRNA', 'Methylation')",DSS,4,WHITE,BLACK,54,53,5,8
LUSC,"('mRNA', 'Methylation')",OS,1,WHITE,BLACK,243,47,18,8
LUSC,"('mRNA', 'Methylation')",OS,2,WHITE,BLACK,148,84,11,11
LUSC,"('mRNA', 'Methylation')",OS,3,WHITE,BLACK,87,104,10,12
LUSC,"('mRNA', 'Methylation')",OS,4,WHITE,BLACK,65,111,6,16
LUSC,"('mRNA', 'Methylation')",OS,5,WHITE,BLACK,53,116,5,16
LUSC,"('mRNA', 'Methylation')",PFI,1,WHITE,BLACK,220,44,13,8
LUSC,"('mRNA', 'Methylation')",PFI,2,WHITE,BLACK,127,71,8,10
LUSC,"('mRNA', 'Methylation')",PFI,3,WHITE,BLACK,72,85,8,10
LUSC,"('mRNA', 'Methylation')",PFI,4,WHITE,BLACK,54,87,5,12
LUSC,"('mRNA', 'MicroRNA')",DSS,2,WHITE,BLACK,173,42,10,5
LUSC,"('mRNA', 'MicroRNA')",DSS,3,WHITE,BLACK,105,56,9,6
LUSC,"('mRNA', 'MicroRNA')",DSS,4,WHITE,BLACK,80,58,5,8
LUSC,"('mRNA', 'MicroRNA')",OS,1,WHITE,BLACK,305,55,18,8
LUSC,"('mRNA', 'MicroRNA')",OS,2,WHITE,BLACK,197,98,11,11
LUSC,"('mRNA', 'MicroRNA')",OS,3,WHITE,BLACK,126,122,10,12
LUSC,"('mRNA', 'MicroRNA')",OS,4,WHITE,BLACK,96,130,6,16
LUSC,"('mRNA', 'MicroRNA')",OS,5,WHITE,BLACK,73,138,5,16
LUSC,"('mRNA', 'MicroRNA')",PFI,1,WHITE,BLACK,280,50,13,8
LUSC,"('mRNA', 'MicroRNA')",PFI,2,WHITE,BLACK,172,83,8,10
LUSC,"('mRNA', 'MicroRNA')",PFI,3,WHITE,BLACK,111,97,8,10
LUSC,"('mRNA', 'MicroRNA')",PFI,4,WHITE,BLACK,84,100,5,12
LUSC,"('Protein', 'Methylation')",OS,2,WHITE,BLACK,113,58,8,5
LUSC,"('Protein', 'Methylation')",OS,3,WHITE,BLACK,72,73,7,6
LUSC,"('Protein', 'Methylation')",PFI,1,WHITE,BLACK,158,33,10,5
LUSC,"('Protein', 'Methylation')",PFI,2,WHITE,BLACK,95,56,5,8
LUSC,"('Protein', 'Methylation')",PFI,3,WHITE,BLACK,59,66,5,8
LUSC,"('Protein', 'MicroRNA')",OS,2,WHITE,BLACK,138,64,8,5
LUSC,"('Protein', 'MicroRNA')",OS,3,WHITE,BLACK,92,82,7,6
LUSC,"('Protein', 'MicroRNA')",PFI,1,WHITE,BLACK,192,34,10,5
LUSC,"('Protein', 'MicroRNA')",PFI,2,WHITE,BLACK,119,62,5,8
LUSC,"('Protein', 'MicroRNA')",PFI,3,WHITE,BLACK,80,72,5,8
LUSC,"('Protein', 'mRNA')",DSS,4,WHITE,BLACK,64,47,5,5
LUSC,"('Protein', 'mRNA')",OS,2,WHITE,BLACK,143,72,8,6
LUSC,"('Protein', 'mRNA')",OS,3,WHITE,BLACK,97,89,8,6
LUSC,"('Protein', 'mRNA')",OS,4,WHITE,BLACK,73,96,5,9
LUSC,"('Protein', 'mRNA')",PFI,1,WHITE,BLACK,200,37,10,5
LUSC,"('Protein', 'mRNA')",PFI,2,WHITE,BLACK,125,65,6,7
LUSC,"('Protein', 'mRNA')",PFI,3,WHITE,BLACK,84,76,6,7
OV,"('MicroRNA', 'Methylation')",DSS,1,WHITE,BLACK,302,24,20,5
OV,"('MicroRNA', 'Methylation')",DSS,2,WHITE,BLACK,248,60,14,9
OV,"('MicroRNA', 'Methylation')",DSS,3,WHITE,BLACK,191,100,10,12
OV,"('MicroRNA', 'Methylation')",DSS,4,WHITE,BLACK,133,147,7,14
OV,"('MicroRNA', 'Methylation')",OS,1,WHITE,BLACK,322,33,20,6
OV,"('MicroRNA', 'Methylation')",OS,2,WHITE,BLACK,263,74,14,10
OV,"('MicroRNA', 'Methylation')",OS,3,WHITE,BLACK,203,117,10,13
OV,"('MicroRNA', 'Methylation')",OS,4,WHITE,BLACK,136,173,7,15
OV,"('MicroRNA', 'Methylation')",PFI,1,WHITE,BLACK,243,104,12,13
OV,"('mRNA', 'Methylation')",DSS,2,WHITE,BLACK,140,37,13,6
OV,"('mRNA', 'Methylation')",DSS,3,WHITE,BLACK,101,62,9,9
OV,"('mRNA', 'Methylation')",DSS,4,WHITE,BLACK,69,86,6,11
OV,"('mRNA', 'Methylation')",OS,2,WHITE,BLACK,152,49,13,6
OV,"('mRNA', 'Methylation')",OS,3,WHITE,BLACK,110,77,9,9
OV,"('mRNA', 'Methylation')",OS,4,WHITE,BLACK,72,107,6,11
OV,"('mRNA', 'Methylation')",PFI,1,WHITE,BLACK,143,64,12,9
OV,"('mRNA', 'MicroRNA')",DSS,2,WHITE,BLACK,145,39,13,6
OV,"('mRNA', 'MicroRNA')",DSS,3,WHITE,BLACK,102,65,9,9
OV,"('mRNA', 'MicroRNA')",DSS,4,WHITE,BLACK,70,89,6,11
OV,"('mRNA', 'MicroRNA')",OS,2,WHITE,BLACK,157,51,13,6
OV,"('mRNA', 'MicroRNA')",OS,3,WHITE,BLACK,111,80,9,9
OV,"('mRNA', 'MicroRNA')",OS,4,WHITE,BLACK,73,110,6,11
OV,"('mRNA', 'MicroRNA')",PFI,1,WHITE,BLACK,151,63,12,9
OV,"('Protein', 'Methylation')",DSS,2,WHITE,BLACK,208,50,14,8
OV,"('Protein', 'Methylation')",DSS,3,WHITE,BLACK,161,85,10,11
OV,"('Protein', 'Methylation')",DSS,4,WHITE,BLACK,112,118,7,13
OV,"('Protein', 'Methylation')",OS,1,WHITE,BLACK,281,23,20,5
OV,"('Protein', 'Methylation')",OS,2,WHITE,BLACK,222,61,14,9
OV,"('Protein', 'Methylation')",OS,3,WHITE,BLACK,173,98,10,12
OV,"('Protein', 'Methylation')",OS,4,WHITE,BLACK,116,139,7,14
OV,"('Protein', 'Methylation')",PFI,1,WHITE,BLACK,209,90,12,12
OV,"('Protein', 'Methylation')",PFI,2,WHITE,BLACK,102,185,5,17
OV,"('Protein', 'MicroRNA')",DSS,2,WHITE,BLACK,182,43,13,7
OV,"('Protein', 'MicroRNA')",DSS,3,WHITE,BLACK,140,73,9,10
OV,"('Protein', 'MicroRNA')",DSS,4,WHITE,BLACK,100,105,6,12
OV,"('Protein', 'MicroRNA')",OS,2,WHITE,BLACK,194,53,13,8
OV,"('Protein', 'MicroRNA')",OS,3,WHITE,BLACK,150,85,9,11
OV,"('Protein', 'MicroRNA')",OS,4,WHITE,BLACK,103,124,6,13
OV,"('Protein', 'MicroRNA')",PFI,1,WHITE,BLACK,184,73,11,11
OV,"('Protein', 'mRNA')",DSS,2,WHITE,BLACK,122,30,12,5
OV,"('Protein', 'mRNA')",DSS,3,WHITE,BLACK,90,51,8,8
OV,"('Protein', 'mRNA')",DSS,4,WHITE,BLACK,63,73,5,10
OV,"('Protein', 'mRNA')",OS,2,WHITE,BLACK,132,39,12,5
OV,"('Protein', 'mRNA')",OS,3,WHITE,BLACK,98,62,8,8
OV,"('Protein', 'mRNA')",OS,4,WHITE,BLACK,66,89,5,10
OV,"('Protein', 'mRNA')",PFI,1,WHITE,BLACK,126,51,11,8
PanGI,"('MicroRNA', 'Methylation')",DFI,5,WHITE,BLACK,17,43,5,5
PanGI,"('MicroRNA', 'Methylation')",DSS,1,WHITE,BLACK,418,47,61,9
PanGI,"('MicroRNA', 'Methylation')",DSS,2,WHITE,BLACK,225,83,28,17
PanGI,"('MicroRNA', 'Methylation')",DSS,3,WHITE,BLACK,116,94,14,18
PanGI,"('MicroRNA', 'Methylation')",DSS,4,WHITE,BLACK,60,100,10,18
PanGI,"('MicroRNA', 'Methylation')",DSS,5,WHITE,BLACK,40,103,8,18
PanGI,"('MicroRNA', 'Methylation')",OS,1,WHITE,BLACK,440,99,61,11
PanGI,"('MicroRNA', 'Methylation')",OS,2,WHITE,BLACK,241,153,28,19
PanGI,"('MicroRNA', 'Methylation')",OS,3,WHITE,BLACK,125,178,14,21
PanGI,"('MicroRNA', 'Methylation')",OS,4,WHITE,BLACK,66,192,10,21
PanGI,"('MicroRNA', 'Methylation')",OS,5,WHITE,BLACK,43,201,8,22
PanGI,"('MicroRNA', 'Methylation')",PFI,1,WHITE,BLACK,390,106,53,19
PanGI,"('MicroRNA', 'Methylation')",PFI,2,WHITE,BLACK,200,165,24,27
PanGI,"('MicroRNA', 'Methylation')",PFI,3,WHITE,BLACK,97,181,10,28
PanGI,"('MicroRNA', 'Methylation')",PFI,4,WHITE,BLACK,53,187,7,29
PanGI,"('MicroRNA', 'Methylation')",PFI,5,WHITE,BLACK,36,188,5,30
PanGI,"('mRNA', 'Methylation')",DFI,5,WHITE,BLACK,17,41,5,5
PanGI,"('mRNA', 'Methylation')",DSS,1,WHITE,BLACK,416,45,61,8
PanGI,"('mRNA', 'Methylation')",DSS,2,WHITE,BLACK,223,81,28,16
PanGI,"('mRNA', 'Methylation')",DSS,3,WHITE,BLACK,116,92,14,17
PanGI,"('mRNA', 'Methylation')",DSS,4,WHITE,BLACK,60,98,10,17
PanGI,"('mRNA', 'Methylation')",DSS,5,WHITE,BLACK,40,101,8,17
PanGI,"('mRNA', 'Methylation')",OS,1,WHITE,BLACK,438,92,61,10
PanGI,"('mRNA', 'Methylation')",OS,2,WHITE,BLACK,239,146,28,18
PanGI,"('mRNA', 'Methylation')",OS,3,WHITE,BLACK,125,171,14,20
PanGI,"('mRNA', 'Methylation')",OS,4,WHITE,BLACK,66,185,10,20
PanGI,"('mRNA', 'Methylation')",OS,5,WHITE,BLACK,43,194,8,21
PanGI,"('mRNA', 'Methylation')",PFI,1,WHITE,BLACK,388,103,53,18
PanGI,"('mRNA', 'Methylation')",PFI,2,WHITE,BLACK,198,162,24,26
PanGI,"('mRNA', 'Methylation')",PFI,3,WHITE,BLACK,97,176,10,27
PanGI,"('mRNA', 'Methylation')",PFI,4,WHITE,BLACK,53,182,7,28
PanGI,"('mRNA', 'Methylation')",PFI,5,WHITE,BLACK,36,183,5,29
PanGI,"('mRNA', 'MicroRNA')",DFI,5,WHITE,BLACK,23,48,6,5
PanGI,"('mRNA', 'MicroRNA')",DSS,1,WHITE,BLACK,583,76,62,9
PanGI,"('mRNA', 'MicroRNA')",DSS,2,WHITE,BLACK,328,126,29,17
PanGI,"('mRNA', 'MicroRNA')",DSS,3,WHITE,BLACK,167,140,15,18
PanGI,"('mRNA', 'MicroRNA')",DSS,4,WHITE,BLACK,82,149,11,18
PanGI,"('mRNA', 'MicroRNA')",DSS,5,WHITE,BLACK,51,153,9,18
PanGI,"('mRNA', 'MicroRNA')",OS,1,WHITE,BLACK,606,132,62,11
PanGI,"('mRNA', 'MicroRNA')",OS,2,WHITE,BLACK,344,203,29,19
PanGI,"('mRNA', 'MicroRNA')",OS,3,WHITE,BLACK,176,232,15,21
PanGI,"('mRNA', 'MicroRNA')",OS,4,WHITE,BLACK,88,251,11,21
PanGI,"('mRNA', 'MicroRNA')",OS,5,WHITE,BLACK,54,261,9,22
PanGI,"('mRNA', 'MicroRNA')",PFI,1,WHITE,BLACK,545,147,54,19
PanGI,"('mRNA', 'MicroRNA')",PFI,2,WHITE,BLACK,294,223,25,27
PanGI,"('mRNA', 'MicroRNA')",PFI,3,WHITE,BLACK,142,244,11,28
PanGI,"('mRNA', 'MicroRNA')",PFI,4,WHITE,BLACK,73,255,8,29
PanGI,"('mRNA', 'MicroRNA')",PFI,5,WHITE,BLACK,47,256,6,30
PanGI,"('Protein', 'Methylation')",DSS,2,WHITE,BLACK,179,58,20,8
PanGI,"('Protein', 'Methylation')",DSS,3,WHITE,BLACK,83,69,8,9
PanGI,"('Protein', 'Methylation')",OS,2,WHITE,BLACK,194,122,20,9
PanGI,"('Protein', 'Methylation')",OS,3,WHITE,BLACK,92,145,8,11
PanGI,"('Protein', 'Methylation')",PFI,1,WHITE,BLACK,323,74,44,10
PanGI,"('Protein', 'Methylation')",PFI,2,WHITE,BLACK,163,123,17,16
PanGI,"('Protein', 'Methylation')",PFI,3,WHITE,BLACK,74,135,5,17
PanGI,"('Protein', 'MicroRNA')",DSS,2,WHITE,BLACK,254,90,21,8
PanGI,"('Protein', 'MicroRNA')",DSS,3,WHITE,BLACK,123,103,9,9
PanGI,"('Protein', 'MicroRNA')",DSS,4,WHITE,BLACK,62,110,5,9
PanGI,"('Protein', 'MicroRNA')",OS,2,WHITE,BLACK,269,164,21,9
PanGI,"('Protein', 'MicroRNA')",OS,3,WHITE,BLACK,132,190,9,11
PanGI,"('Protein', 'MicroRNA')",OS,4,WHITE,BLACK,68,206,5,11
PanGI,"('Protein', 'MicroRNA')",PFI,1,WHITE,BLACK,433,106,45,10
PanGI,"('Protein', 'MicroRNA')",PFI,2,WHITE,BLACK,232,167,18,16
PanGI,"('Protein', 'MicroRNA')",PFI,3,WHITE,BLACK,110,184,6,17
PanGI,"('Protein', 'mRNA')",DSS,2,WHITE,BLACK,269,93,21,8
PanGI,"('Protein', 'mRNA')",DSS,3,WHITE,BLACK,133,106,9,9
PanGI,"('Protein', 'mRNA')",DSS,4,WHITE,BLACK,66,113,5,9
PanGI,"('Protein', 'mRNA')",OS,2,WHITE,BLACK,284,162,21,9
PanGI,"('Protein', 'mRNA')",OS,3,WHITE,BLACK,142,188,9,11
PanGI,"('Protein', 'mRNA')",OS,4,WHITE,BLACK,72,206,5,11
PanGI,"('Protein', 'mRNA')",PFI,1,WHITE,BLACK,454,111,45,10
PanGI,"('Protein', 'mRNA')",PFI,2,WHITE,BLACK,246,173,18,16
PanGI,"('Protein', 'mRNA')",PFI,3,WHITE,BLACK,118,191,6,17
PanGyn,"('MicroRNA', 'Methylation')",DFI,1,WHITE,BLACK,491,46,88,7
PanGyn,"('MicroRNA', 'Methylation')",DFI,2,WHITE,BLACK,305,141,48,16
PanGyn,"('MicroRNA', 'Methylation')",DFI,3,WHITE,BLACK,201,175,26,23
PanGyn,"('MicroRNA', 'Methylation')",DFI,4,WHITE,BLACK,145,187,21,25
PanGyn,"('MicroRNA', 'Methylation')",DFI,5,WHITE,BLACK,91,195,19,25
PanGyn,"('MicroRNA', 'Methylation')",DSS,1,WHITE,BLACK,757,45,137,13
PanGyn,"('MicroRNA', 'Methylation')",DSS,2,WHITE,BLACK,549,114,88,24
PanGyn,"('MicroRNA', 'Methylation')",DSS,3,WHITE,BLACK,390,173,58,31
PanGyn,"('MicroRNA', 'Methylation')",DSS,4,WHITE,BLACK,282,225,40,38
PanGyn,"('MicroRNA', 'Methylation')",DSS,5,WHITE,BLACK,191,258,31,42
PanGyn,"('MicroRNA', 'Methylation')",OS,1,WHITE,BLACK,782,65,137,15
PanGyn,"('MicroRNA', 'Methylation')",OS,2,WHITE,BLACK,568,146,88,26
PanGyn,"('MicroRNA', 'Methylation')",OS,3,WHITE,BLACK,404,215,58,34
PanGyn,"('MicroRNA', 'Methylation')",OS,4,WHITE,BLACK,286,281,40,42
PanGyn,"('MicroRNA', 'Methylation')",OS,5,WHITE,BLACK,194,319,31,47
PanGyn,"('MicroRNA', 'Methylation')",PFI,1,WHITE,BLACK,663,168,123,27
PanGyn,"('MicroRNA', 'Methylation')",PFI,2,WHITE,BLACK,386,328,67,47
PanGyn,"('MicroRNA', 'Methylation')",PFI,3,WHITE,BLACK,246,385,42,54
PanGyn,"('MicroRNA', 'Methylation')",PFI,4,WHITE,BLACK,175,406,30,60
PanGyn,"('MicroRNA', 'Methylation')",PFI,5,WHITE,BLACK,111,418,27,60
PanGyn,"('mRNA', 'Methylation')",DFI,1,WHITE,BLACK,432,31,87,7
PanGyn,"('mRNA', 'Methylation')",DFI,2,WHITE,BLACK,275,98,48,16
PanGyn,"('mRNA', 'Methylation')",DFI,3,WHITE,BLACK,182,122,26,23
PanGyn,"('mRNA', 'Methylation')",DFI,4,WHITE,BLACK,129,130,21,25
PanGyn,"('mRNA', 'Methylation')",DFI,5,WHITE,BLACK,80,135,19,25
PanGyn,"('mRNA', 'Methylation')",DSS,1,WHITE,BLACK,632,37,135,11
PanGyn,"('mRNA', 'Methylation')",DSS,2,WHITE,BLACK,445,91,87,22
PanGyn,"('mRNA', 'Methylation')",DSS,3,WHITE,BLACK,304,136,57,29
PanGyn,"('mRNA', 'Methylation')",DSS,4,WHITE,BLACK,220,165,39,36
PanGyn,"('mRNA', 'Methylation')",DSS,5,WHITE,BLACK,145,184,31,40
PanGyn,"('mRNA', 'Methylation')",OS,1,WHITE,BLACK,654,55,135,12
PanGyn,"('mRNA', 'Methylation')",OS,2,WHITE,BLACK,461,122,87,23
PanGyn,"('mRNA', 'Methylation')",OS,3,WHITE,BLACK,315,177,57,31
PanGyn,"('mRNA', 'Methylation')",OS,4,WHITE,BLACK,224,217,39,39
PanGyn,"('mRNA', 'Methylation')",OS,5,WHITE,BLACK,148,240,31,43
PanGyn,"('mRNA', 'Methylation')",PFI,1,WHITE,BLACK,566,129,123,23
PanGyn,"('mRNA', 'Methylation')",PFI,2,WHITE,BLACK,337,244,67,44
PanGyn,"('mRNA', 'Methylation')",PFI,3,WHITE,BLACK,218,281,42,51
PanGyn,"('mRNA', 'Methylation')",PFI,4,WHITE,BLACK,153,295,30,57
PanGyn,"('mRNA', 'Methylation')",PFI,5,WHITE,BLACK,96,302,27,57
PanGyn,"('mRNA', 'MicroRNA')",DFI,1,WHITE,BLACK,450,30,93,7
PanGyn,"('mRNA', 'MicroRNA')",DFI,2,WHITE,BLACK,289,100,52,17
PanGyn,"('mRNA', 'MicroRNA')",DFI,3,WHITE,BLACK,191,125,29,24
PanGyn,"('mRNA', 'MicroRNA')",DFI,4,WHITE,BLACK,137,134,24,26
PanGyn,"('mRNA', 'MicroRNA')",DFI,5,WHITE,BLACK,86,140,20,26
PanGyn,"('mRNA', 'MicroRNA')",DSS,1,WHITE,BLACK,659,36,140,11
PanGyn,"('mRNA', 'MicroRNA')",DSS,2,WHITE,BLACK,466,94,91,21
PanGyn,"('mRNA', 'MicroRNA')",DSS,3,WHITE,BLACK,316,140,60,28
PanGyn,"('mRNA', 'MicroRNA')",DSS,4,WHITE,BLACK,230,169,42,35
PanGyn,"('mRNA', 'MicroRNA')",DSS,5,WHITE,BLACK,152,188,32,39
PanGyn,"('mRNA', 'MicroRNA')",OS,1,WHITE,BLACK,682,54,140,12
PanGyn,"('mRNA', 'MicroRNA')",OS,2,WHITE,BLACK,483,124,91,22
PanGyn,"('mRNA', 'MicroRNA')",OS,3,WHITE,BLACK,328,180,60,30
PanGyn,"('mRNA', 'MicroRNA')",OS,4,WHITE,BLACK,235,220,42,38
PanGyn,"('mRNA', 'MicroRNA')",OS,5,WHITE,BLACK,156,243,32,42
PanGyn,"('mRNA', 'MicroRNA')",PFI,1,WHITE,BLACK,594,128,128,23
PanGyn,"('mRNA', 'MicroRNA')",PFI,2,WHITE,BLACK,355,251,71,44
PanGyn,"('mRNA', 'MicroRNA')",PFI,3,WHITE,BLACK,229,290,45,51
PanGyn,"('mRNA', 'MicroRNA')",PFI,4,WHITE,BLACK,162,306,33,57
PanGyn,"('mRNA', 'MicroRNA')",PFI,5,WHITE,BLACK,104,314,28,57
PanGyn,"('Protein', 'Methylation')",DFI,1,WHITE,BLACK,405,45,70,7
PanGyn,"('Protein', 'Methylation')",DFI,2,WHITE,BLACK,247,121,40,12
PanGyn,"('Protein', 'Methylation')",DFI,3,WHITE,BLACK,153,156,20,20
PanGyn,"('Protein', 'Methylation')",DFI,4,WHITE,BLACK,106,165,17,21
PanGyn,"('Protein', 'Methylation')",DFI,5,WHITE,BLACK,69,171,15,21
PanGyn,"('Protein', 'Methylation')",DSS,1,WHITE,BLACK,605,30,108,12
PanGyn,"('Protein', 'Methylation')",DSS,2,WHITE,BLACK,435,85,67,22
PanGyn,"('Protein', 'Methylation')",DSS,3,WHITE,BLACK,305,137,42,28
PanGyn,"('Protein', 'Methylation')",DSS,4,WHITE,BLACK,218,174,29,34
PanGyn,"('Protein', 'Methylation')",DSS,5,WHITE,BLACK,151,201,21,37
PanGyn,"('Protein', 'Methylation')",OS,1,WHITE,BLACK,627,47,108,14
PanGyn,"('Protein', 'Methylation')",OS,2,WHITE,BLACK,452,110,67,24
PanGyn,"('Protein', 'Methylation')",OS,3,WHITE,BLACK,319,168,42,31
PanGyn,"('Protein', 'Methylation')",OS,4,WHITE,BLACK,223,216,29,38
PanGyn,"('Protein', 'Methylation')",OS,5,WHITE,BLACK,155,248,21,42
PanGyn,"('Protein', 'Methylation')",PFI,1,WHITE,BLACK,522,139,95,25
PanGyn,"('Protein', 'Methylation')",PFI,2,WHITE,BLACK,299,268,51,40
PanGyn,"('Protein', 'Methylation')",PFI,3,WHITE,BLACK,180,321,29,48
PanGyn,"('Protein', 'Methylation')",PFI,4,WHITE,BLACK,125,334,21,52
PanGyn,"('Protein', 'Methylation')",PFI,5,WHITE,BLACK,81,344,18,52
PanGyn,"('Protein', 'MicroRNA')",DFI,1,WHITE,BLACK,399,38,73,7
PanGyn,"('Protein', 'MicroRNA')",DFI,2,WHITE,BLACK,244,113,41,13
PanGyn,"('Protein', 'MicroRNA')",DFI,3,WHITE,BLACK,155,143,22,20
PanGyn,"('Protein', 'MicroRNA')",DFI,4,WHITE,BLACK,110,153,19,21
PanGyn,"('Protein', 'MicroRNA')",DFI,5,WHITE,BLACK,71,160,16,21
PanGyn,"('Protein', 'MicroRNA')",DSS,1,WHITE,BLACK,585,25,110,11
PanGyn,"('Protein', 'MicroRNA')",DSS,2,WHITE,BLACK,421,79,68,20
PanGyn,"('Protein', 'MicroRNA')",DSS,3,WHITE,BLACK,293,126,43,26
PanGyn,"('Protein', 'MicroRNA')",DSS,4,WHITE,BLACK,213,162,30,32
PanGyn,"('Protein', 'MicroRNA')",DSS,5,WHITE,BLACK,147,186,21,35
PanGyn,"('Protein', 'MicroRNA')",OS,1,WHITE,BLACK,605,42,110,13
PanGyn,"('Protein', 'MicroRNA')",OS,2,WHITE,BLACK,437,102,68,22
PanGyn,"('Protein', 'MicroRNA')",OS,3,WHITE,BLACK,306,155,43,29
PanGyn,"('Protein', 'MicroRNA')",OS,4,WHITE,BLACK,218,201,30,36
PanGyn,"('Protein', 'MicroRNA')",OS,5,WHITE,BLACK,151,230,21,40
PanGyn,"('Protein', 'MicroRNA')",PFI,1,WHITE,BLACK,512,122,97,24
PanGyn,"('Protein', 'MicroRNA')",PFI,2,WHITE,BLACK,297,245,52,39
PanGyn,"('Protein', 'MicroRNA')",PFI,3,WHITE,BLACK,183,292,31,46
PanGyn,"('Protein', 'MicroRNA')",PFI,4,WHITE,BLACK,130,307,23,50
PanGyn,"('Protein', 'MicroRNA')",PFI,5,WHITE,BLACK,85,318,19,50
PanGyn,"('Protein', 'mRNA')",DFI,1,WHITE,BLACK,371,28,72,7
PanGyn,"('Protein', 'mRNA')",DFI,2,WHITE,BLACK,232,88,41,13
PanGyn,"('Protein', 'mRNA')",DFI,3,WHITE,BLACK,148,113,22,20
PanGyn,"('Protein', 'mRNA')",DFI,4,WHITE,BLACK,105,119,19,21
PanGyn,"('Protein', 'mRNA')",DFI,5,WHITE,BLACK,69,125,16,21
PanGyn,"('Protein', 'mRNA')",DSS,1,WHITE,BLACK,519,22,108,10
PanGyn,"('Protein', 'mRNA')",DSS,2,WHITE,BLACK,368,66,67,19
PanGyn,"('Protein', 'mRNA')",DSS,3,WHITE,BLACK,248,106,42,25
PanGyn,"('Protein', 'mRNA')",DSS,4,WHITE,BLACK,179,131,29,31
PanGyn,"('Protein', 'mRNA')",DSS,5,WHITE,BLACK,123,147,21,34
PanGyn,"('Protein', 'mRNA')",OS,1,WHITE,BLACK,537,38,108,11
PanGyn,"('Protein', 'mRNA')",OS,2,WHITE,BLACK,382,89,67,20
PanGyn,"('Protein', 'mRNA')",OS,3,WHITE,BLACK,259,135,42,27
PanGyn,"('Protein', 'mRNA')",OS,4,WHITE,BLACK,184,168,29,34
PanGyn,"('Protein', 'mRNA')",OS,5,WHITE,BLACK,127,188,21,37
PanGyn,"('Protein', 'mRNA')",PFI,1,WHITE,BLACK,461,102,97,21
PanGyn,"('Protein', 'mRNA')",PFI,2,WHITE,BLACK,274,197,52,37
PanGyn,"('Protein', 'mRNA')",PFI,3,WHITE,BLACK,172,232,31,44
PanGyn,"('Protein', 'mRNA')",PFI,4,WHITE,BLACK,121,243,23,48
PanGyn,"('Protein', 'mRNA')",PFI,5,WHITE,BLACK,81,251,19,48
PanSCCs,"('MicroRNA', 'Methylation')",DFI,2,WHITE,BLACK,289,69,20,7
PanSCCs,"('MicroRNA', 'Methylation')",DFI,3,WHITE,BLACK,166,87,13,7
PanSCCs,"('MicroRNA', 'Methylation')",DFI,4,WHITE,BLACK,117,89,11,8
PanSCCs,"('MicroRNA', 'Methylation')",DFI,5,WHITE,BLACK,73,99,9,8
PanSCCs,"('MicroRNA', 'Methylation')",DSS,1,WHITE,BLACK,948,120,86,20
PanSCCs,"('MicroRNA', 'Methylation')",DSS,2,WHITE,BLACK,548,236,42,33
PanSCCs,"('MicroRNA', 'Methylation')",DSS,3,WHITE,BLACK,332,279,27,35
PanSCCs,"('MicroRNA', 'Methylation')",DSS,4,WHITE,BLACK,231,292,19,39
PanSCCs,"('MicroRNA', 'Methylation')",DSS,5,WHITE,BLACK,153,299,17,39
PanSCCs,"('MicroRNA', 'Methylation')",OS,1,WHITE,BLACK,993,203,90,29
PanSCCs,"('MicroRNA', 'Methylation')",OS,2,WHITE,BLACK,575,373,43,47
PanSCCs,"('MicroRNA', 'Methylation')",OS,3,WHITE,BLACK,350,444,28,52
PanSCCs,"('MicroRNA', 'Methylation')",OS,4,WHITE,BLACK,246,471,20,58
PanSCCs,"('MicroRNA', 'Methylation')",OS,5,WHITE,BLACK,165,484,18,58
PanSCCs,"('MicroRNA', 'Methylation')",PFI,1,WHITE,BLACK,870,262,74,36
PanSCCs,"('MicroRNA', 'Methylation')",PFI,2,WHITE,BLACK,495,389,36,49
PanSCCs,"('MicroRNA', 'Methylation')",PFI,3,WHITE,BLACK,303,429,25,50
PanSCCs,"('MicroRNA', 'Methylation')",PFI,4,WHITE,BLACK,214,443,19,53
PanSCCs,"('MicroRNA', 'Methylation')",PFI,5,WHITE,BLACK,131,463,17,53
PanSCCs,"('mRNA', 'Methylation')",DFI,2,WHITE,BLACK,291,69,20,6
PanSCCs,"('mRNA', 'Methylation')",DFI,3,WHITE,BLACK,168,88,13,6
PanSCCs,"('mRNA', 'Methylation')",DFI,4,WHITE,BLACK,119,90,11,7
PanSCCs,"('mRNA', 'Methylation')",DFI,5,WHITE,BLACK,74,100,9,7
PanSCCs,"('mRNA', 'Methylation')",DSS,1,WHITE,BLACK,950,121,84,20
PanSCCs,"('mRNA', 'Methylation')",DSS,2,WHITE,BLACK,550,237,41,33
PanSCCs,"('mRNA', 'Methylation')",DSS,3,WHITE,BLACK,336,279,27,34
PanSCCs,"('mRNA', 'Methylation')",DSS,4,WHITE,BLACK,234,293,19,38
PanSCCs,"('mRNA', 'Methylation')",DSS,5,WHITE,BLACK,155,301,17,38
PanSCCs,"('mRNA', 'Methylation')",OS,1,WHITE,BLACK,996,206,88,29
PanSCCs,"('mRNA', 'Methylation')",OS,2,WHITE,BLACK,578,376,42,47
PanSCCs,"('mRNA', 'Methylation')",OS,3,WHITE,BLACK,355,446,28,51
PanSCCs,"('mRNA', 'Methylation')",OS,4,WHITE,BLACK,249,475,20,57
PanSCCs,"('mRNA', 'Methylation')",OS,5,WHITE,BLACK,167,489,18,57
PanSCCs,"('mRNA', 'Methylation')",PFI,1,WHITE,BLACK,871,265,73,35
PanSCCs,"('mRNA', 'Methylation')",PFI,2,WHITE,BLACK,500,389,36,47
PanSCCs,"('mRNA', 'Methylation')",PFI,3,WHITE,BLACK,307,431,25,48
PanSCCs,"('mRNA', 'Methylation')",PFI,4,WHITE,BLACK,217,445,19,51
PanSCCs,"('mRNA', 'Methylation')",PFI,5,WHITE,BLACK,133,465,17,51
PanSCCs,"('mRNA', 'MicroRNA')",DFI,2,WHITE,BLACK,334,78,22,7
PanSCCs,"('mRNA', 'MicroRNA')",DFI,3,WHITE,BLACK,201,98,14,7
PanSCCs,"('mRNA', 'MicroRNA')",DFI,4,WHITE,BLACK,146,100,12,8
PanSCCs,"('mRNA', 'MicroRNA')",DFI,5,WHITE,BLACK,96,110,9,8
PanSCCs,"('mRNA', 'MicroRNA')",DSS,1,WHITE,BLACK,1026,128,89,21
PanSCCs,"('mRNA', 'MicroRNA')",DSS,2,WHITE,BLACK,610,253,43,34
PanSCCs,"('mRNA', 'MicroRNA')",DSS,3,WHITE,BLACK,379,302,28,35
PanSCCs,"('mRNA', 'MicroRNA')",DSS,4,WHITE,BLACK,265,315,20,39
PanSCCs,"('mRNA', 'MicroRNA')",DSS,5,WHITE,BLACK,178,324,17,39
PanSCCs,"('mRNA', 'MicroRNA')",OS,1,WHITE,BLACK,1084,221,93,30
PanSCCs,"('mRNA', 'MicroRNA')",OS,2,WHITE,BLACK,646,404,44,48
PanSCCs,"('mRNA', 'MicroRNA')",OS,3,WHITE,BLACK,405,482,29,52
PanSCCs,"('mRNA', 'MicroRNA')",OS,4,WHITE,BLACK,286,512,21,58
PanSCCs,"('mRNA', 'MicroRNA')",OS,5,WHITE,BLACK,193,530,18,58
PanSCCs,"('mRNA', 'MicroRNA')",PFI,1,WHITE,BLACK,953,282,78,36
PanSCCs,"('mRNA', 'MicroRNA')",PFI,2,WHITE,BLACK,561,418,38,49
PanSCCs,"('mRNA', 'MicroRNA')",PFI,3,WHITE,BLACK,354,464,26,50
PanSCCs,"('mRNA', 'MicroRNA')",PFI,4,WHITE,BLACK,251,480,20,53
PanSCCs,"('mRNA', 'MicroRNA')",PFI,5,WHITE,BLACK,157,501,17,53
PanSCCs,"('Protein', 'Methylation')",DFI,2,WHITE,BLACK,195,51,10,6
PanSCCs,"('Protein', 'Methylation')",DFI,3,WHITE,BLACK,121,62,8,6
PanSCCs,"('Protein', 'Methylation')",DFI,4,WHITE,BLACK,92,63,7,7
PanSCCs,"('Protein', 'Methylation')",DFI,5,WHITE,BLACK,61,71,5,7
PanSCCs,"('Protein', 'Methylation')",DSS,1,WHITE,BLACK,580,79,46,13
PanSCCs,"('Protein', 'Methylation')",DSS,2,WHITE,BLACK,347,152,26,22
PanSCCs,"('Protein', 'Methylation')",DSS,3,WHITE,BLACK,225,182,19,23
PanSCCs,"('Protein', 'Methylation')",DSS,4,WHITE,BLACK,169,194,13,27
PanSCCs,"('Protein', 'Methylation')",DSS,5,WHITE,BLACK,119,199,11,27
PanSCCs,"('Protein', 'Methylation')",OS,1,WHITE,BLACK,618,141,48,17
PanSCCs,"('Protein', 'Methylation')",OS,2,WHITE,BLACK,369,255,26,29
PanSCCs,"('Protein', 'Methylation')",OS,3,WHITE,BLACK,239,306,19,33
PanSCCs,"('Protein', 'Methylation')",OS,4,WHITE,BLACK,180,325,13,38
PanSCCs,"('Protein', 'Methylation')",OS,5,WHITE,BLACK,128,335,11,38
PanSCCs,"('Protein', 'Methylation')",PFI,1,WHITE,BLACK,542,165,38,23
PanSCCs,"('Protein', 'Methylation')",PFI,2,WHITE,BLACK,315,250,20,32
PanSCCs,"('Protein', 'Methylation')",PFI,3,WHITE,BLACK,206,277,16,32
PanSCCs,"('Protein', 'Methylation')",PFI,4,WHITE,BLACK,157,288,12,35
PanSCCs,"('Protein', 'Methylation')",PFI,5,WHITE,BLACK,103,302,10,35
PanSCCs,"('Protein', 'MicroRNA')",DFI,2,WHITE,BLACK,222,59,10,7
PanSCCs,"('Protein', 'MicroRNA')",DFI,3,WHITE,BLACK,143,71,8,7
PanSCCs,"('Protein', 'MicroRNA')",DFI,4,WHITE,BLACK,110,72,7,8
PanSCCs,"('Protein', 'MicroRNA')",DFI,5,WHITE,BLACK,75,80,5,8
PanSCCs,"('Protein', 'MicroRNA')",DSS,1,WHITE,BLACK,626,84,49,13
PanSCCs,"('Protein', 'MicroRNA')",DSS,2,WHITE,BLACK,383,161,26,22
PanSCCs,"('Protein', 'MicroRNA')",DSS,3,WHITE,BLACK,252,196,19,23
PanSCCs,"('Protein', 'MicroRNA')",DSS,4,WHITE,BLACK,189,207,13,27
PanSCCs,"('Protein', 'MicroRNA')",DSS,5,WHITE,BLACK,132,213,11,27
PanSCCs,"('Protein', 'MicroRNA')",OS,1,WHITE,BLACK,668,148,51,17
PanSCCs,"('Protein', 'MicroRNA')",OS,2,WHITE,BLACK,407,268,26,29
PanSCCs,"('Protein', 'MicroRNA')",OS,3,WHITE,BLACK,268,325,19,33
PanSCCs,"('Protein', 'MicroRNA')",OS,4,WHITE,BLACK,202,343,13,38
PanSCCs,"('Protein', 'MicroRNA')",OS,5,WHITE,BLACK,143,354,11,38
PanSCCs,"('Protein', 'MicroRNA')",PFI,1,WHITE,BLACK,591,172,41,23
PanSCCs,"('Protein', 'MicroRNA')",PFI,2,WHITE,BLACK,349,266,20,33
PanSCCs,"('Protein', 'MicroRNA')",PFI,3,WHITE,BLACK,233,296,16,33
PanSCCs,"('Protein', 'MicroRNA')",PFI,4,WHITE,BLACK,177,308,12,36
PanSCCs,"('Protein', 'MicroRNA')",PFI,5,WHITE,BLACK,116,323,10,36
PanSCCs,"('Protein', 'mRNA')",DFI,2,WHITE,BLACK,226,59,10,6
PanSCCs,"('Protein', 'mRNA')",DFI,3,WHITE,BLACK,146,71,8,6
PanSCCs,"('Protein', 'mRNA')",DFI,4,WHITE,BLACK,113,72,7,7
PanSCCs,"('Protein', 'mRNA')",DFI,5,WHITE,BLACK,76,80,5,7
PanSCCs,"('Protein', 'mRNA')",DSS,1,WHITE,BLACK,636,85,49,13
PanSCCs,"('Protein', 'mRNA')",DSS,2,WHITE,BLACK,388,164,26,22
PanSCCs,"('Protein', 'mRNA')",DSS,3,WHITE,BLACK,257,198,20,22
PanSCCs,"('Protein', 'mRNA')",DSS,4,WHITE,BLACK,192,210,14,26
PanSCCs,"('Protein', 'mRNA')",DSS,5,WHITE,BLACK,134,216,12,26
PanSCCs,"('Protein', 'mRNA')",OS,1,WHITE,BLACK,679,154,51,18
PanSCCs,"('Protein', 'mRNA')",OS,2,WHITE,BLACK,413,276,26,30
PanSCCs,"('Protein', 'mRNA')",OS,3,WHITE,BLACK,273,332,20,33
PanSCCs,"('Protein', 'mRNA')",OS,4,WHITE,BLACK,205,352,14,38
PanSCCs,"('Protein', 'mRNA')",OS,5,WHITE,BLACK,145,363,12,38
PanSCCs,"('Protein', 'mRNA')",PFI,1,WHITE,BLACK,599,176,41,23
PanSCCs,"('Protein', 'mRNA')",PFI,2,WHITE,BLACK,357,268,21,32
PanSCCs,"('Protein', 'mRNA')",PFI,3,WHITE,BLACK,238,299,17,32
PanSCCs,"('Protein', 'mRNA')",PFI,4,WHITE,BLACK,181,311,13,35
PanSCCs,"('Protein', 'mRNA')",PFI,5,WHITE,BLACK,118,326,11,35
PRAD,"('mRNA', 'MicroRNA')",PFI,3,WHITE,BLACK,135,58,27,6
PRAD,"('mRNA', 'MicroRNA')",PFI,4,WHITE,BLACK,72,68,22,6
PRAD,"('mRNA', 'MicroRNA')",PFI,5,WHITE,BLACK,46,72,15,6
SARC,"('MicroRNA', 'Methylation')",DSS,2,WHITE,BLACK,133,30,10,5
SARC,"('MicroRNA', 'Methylation')",DSS,3,WHITE,BLACK,94,44,6,5
SARC,"('MicroRNA', 'Methylation')",DSS,4,WHITE,BLACK,66,51,5,5
SARC,"('MicroRNA', 'Methylation')",OS,2,WHITE,BLACK,136,37,10,5
SARC,"('MicroRNA', 'Methylation')",OS,3,WHITE,BLACK,97,51,6,6
SARC,"('MicroRNA', 'Methylation')",OS,4,WHITE,BLACK,68,60,5,6
SARC,"('MicroRNA', 'Methylation')",PFI,1,WHITE,BLACK,128,71,13,6
SARC,"('MicroRNA', 'Methylation')",PFI,2,WHITE,BLACK,81,96,7,9
SARC,"('mRNA', 'Methylation')",DSS,2,WHITE,BLACK,132,31,10,5
SARC,"('mRNA', 'Methylation')",DSS,3,WHITE,BLACK,93,45,6,5
SARC,"('mRNA', 'Methylation')",DSS,4,WHITE,BLACK,65,52,5,5
SARC,"('mRNA', 'Methylation')",OS,2,WHITE,BLACK,135,37,10,5
SARC,"('mRNA', 'Methylation')",OS,3,WHITE,BLACK,96,51,6,6
SARC,"('mRNA', 'Methylation')",OS,4,WHITE,BLACK,67,60,5,6
SARC,"('mRNA', 'Methylation')",PFI,1,WHITE,BLACK,126,72,13,6
SARC,"('mRNA', 'Methylation')",PFI,2,WHITE,BLACK,80,97,7,9
SARC,"('mRNA', 'MicroRNA')",DSS,2,WHITE,BLACK,133,33,10,5
SARC,"('mRNA', 'MicroRNA')",DSS,3,WHITE,BLACK,93,47,6,5
SARC,"('mRNA', 'MicroRNA')",DSS,4,WHITE,BLACK,65,54,5,5
SARC,"('mRNA', 'MicroRNA')",OS,2,WHITE,BLACK,136,40,10,5
SARC,"('mRNA', 'MicroRNA')",OS,3,WHITE,BLACK,96,54,6,6
SARC,"('mRNA', 'MicroRNA')",OS,4,WHITE,BLACK,67,63,5,6
SARC,"('mRNA', 'MicroRNA')",PFI,1,WHITE,BLACK,128,74,13,6
SARC,"('mRNA', 'MicroRNA')",PFI,2,WHITE,BLACK,81,99,7,9
SARC,"('Protein', 'Methylation')",DSS,2,WHITE,BLACK,117,28,7,5
SARC,"('Protein', 'Methylation')",OS,2,WHITE,BLACK,120,34,7,5
SARC,"('Protein', 'Methylation')",PFI,1,WHITE,BLACK,112,65,9,5
SARC,"('Protein', 'Methylation')",PFI,2,WHITE,BLACK,77,82,6,6
SARC,"('Protein', 'MicroRNA')",DSS,2,WHITE,BLACK,118,30,7,5
SARC,"('Protein', 'MicroRNA')",OS,2,WHITE,BLACK,121,37,7,5
SARC,"('Protein', 'MicroRNA')",PFI,1,WHITE,BLACK,113,67,9,5
SARC,"('Protein', 'MicroRNA')",PFI,2,WHITE,BLACK,78,84,6,6
SARC,"('Protein', 'mRNA')",DSS,2,WHITE,BLACK,118,32,7,5
SARC,"('Protein', 'mRNA')",OS,2,WHITE,BLACK,121,39,7,5
SARC,"('Protein', 'mRNA')",PFI,1,WHITE,BLACK,113,68,9,5
SARC,"('Protein', 'mRNA')",PFI,2,WHITE,BLACK,78,86,6,6
STAD,"('mRNA', 'MicroRNA')",DSS,2,WHITE,BLACK,76,48,5,5
STAD,"('mRNA', 'MicroRNA')",OS,2,WHITE,BLACK,77,89,5,6
STAD,"('mRNA', 'MicroRNA')",PFI,2,WHITE,BLACK,65,77,5,6
STES,"('MicroRNA', 'Methylation')",DSS,1,WHITE,BLACK,208,34,10,5
STES,"('MicroRNA', 'Methylation')",DSS,2,WHITE,BLACK,93,65,5,8
STES,"('MicroRNA', 'Methylation')",OS,1,WHITE,BLACK,213,74,10,6
STES,"('MicroRNA', 'Methylation')",OS,2,WHITE,BLACK,95,118,5,9
STES,"('MicroRNA', 'Methylation')",PFI,1,WHITE,BLACK,184,71,9,7
STES,"('MicroRNA', 'Methylation')",PFI,2,WHITE,BLACK,80,106,5,10
STES,"('mRNA', 'Methylation')",DSS,2,WHITE,BLACK,91,63,5,7
STES,"('mRNA', 'Methylation')",OS,1,WHITE,BLACK,211,67,10,5
STES,"('mRNA', 'Methylation')",OS,2,WHITE,BLACK,93,111,5,8
STES,"('mRNA', 'Methylation')",PFI,1,WHITE,BLACK,182,68,9,6
STES,"('mRNA', 'Methylation')",PFI,2,WHITE,BLACK,78,103,5,9
STES,"('mRNA', 'MicroRNA')",DSS,1,WHITE,BLACK,237,39,11,5
STES,"('mRNA', 'MicroRNA')",DSS,2,WHITE,BLACK,110,77,6,8
STES,"('mRNA', 'MicroRNA')",OS,1,WHITE,BLACK,243,82,11,6
STES,"('mRNA', 'MicroRNA')",OS,2,WHITE,BLACK,112,134,6,9
STES,"('mRNA', 'MicroRNA')",PFI,1,WHITE,BLACK,208,82,10,7
STES,"('mRNA', 'MicroRNA')",PFI,2,WHITE,BLACK,95,123,6,10
UCEC,"('MicroRNA', 'Methylation')",DFI,2,WHITE,BLACK,154,29,35,5
UCEC,"('MicroRNA', 'Methylation')",DFI,3,WHITE,BLACK,102,35,18,11
UCEC,"('MicroRNA', 'Methylation')",DFI,4,WHITE,BLACK,75,37,13,13
UCEC,"('MicroRNA', 'Methylation')",DFI,5,WHITE,BLACK,48,38,11,13
UCEC,"('MicroRNA', 'Methylation')",DSS,2,WHITE,BLACK,197,19,56,7
UCEC,"('MicroRNA', 'Methylation')",DSS,3,WHITE,BLACK,132,27,35,11
UCEC,"('MicroRNA', 'Methylation')",DSS,4,WHITE,BLACK,99,30,23,14
UCEC,"('MicroRNA', 'Methylation')",DSS,5,WHITE,BLACK,65,31,18,15
UCEC,"('MicroRNA', 'Methylation')",OS,1,WHITE,BLACK,290,15,90,5
UCEC,"('MicroRNA', 'Methylation')",OS,2,WHITE,BLACK,198,31,56,8
UCEC,"('MicroRNA', 'Methylation')",OS,3,WHITE,BLACK,133,44,35,13
UCEC,"('MicroRNA', 'Methylation')",OS,4,WHITE,BLACK,99,49,23,17
UCEC,"('MicroRNA', 'Methylation')",OS,5,WHITE,BLACK,65,51,18,18
UCEC,"('MicroRNA', 'Methylation')",PFI,1,WHITE,BLACK,269,30,86,8
UCEC,"('MicroRNA', 'Methylation')",PFI,2,WHITE,BLACK,174,59,48,17
UCEC,"('MicroRNA', 'Methylation')",PFI,3,WHITE,BLACK,114,69,28,23
UCEC,"('MicroRNA', 'Methylation')",PFI,4,WHITE,BLACK,84,73,19,27
UCEC,"('MicroRNA', 'Methylation')",PFI,5,WHITE,BLACK,53,74,16,27
UCEC,"('mRNA', 'Methylation')",DFI,2,WHITE,BLACK,158,29,35,5
UCEC,"('mRNA', 'Methylation')",DFI,3,WHITE,BLACK,106,35,18,11
UCEC,"('mRNA', 'Methylation')",DFI,4,WHITE,BLACK,77,37,13,13
UCEC,"('mRNA', 'Methylation')",DFI,5,WHITE,BLACK,49,38,11,13
UCEC,"('mRNA', 'Methylation')",DSS,2,WHITE,BLACK,201,19,56,8
UCEC,"('mRNA', 'Methylation')",DSS,3,WHITE,BLACK,136,27,35,12
UCEC,"('mRNA', 'Methylation')",DSS,4,WHITE,BLACK,101,30,23,15
UCEC,"('mRNA', 'Methylation')",DSS,5,WHITE,BLACK,66,31,18,16
UCEC,"('mRNA', 'Methylation')",OS,1,WHITE,BLACK,295,15,90,5
UCEC,"('mRNA', 'Methylation')",OS,2,WHITE,BLACK,202,32,56,9
UCEC,"('mRNA', 'Methylation')",OS,3,WHITE,BLACK,137,45,35,14
UCEC,"('mRNA', 'Methylation')",OS,4,WHITE,BLACK,101,50,23,18
UCEC,"('mRNA', 'Methylation')",OS,5,WHITE,BLACK,66,52,18,19
UCEC,"('mRNA', 'Methylation')",PFI,1,WHITE,BLACK,274,30,86,8
UCEC,"('mRNA', 'Methylation')",PFI,2,WHITE,BLACK,178,59,48,18
UCEC,"('mRNA', 'Methylation')",PFI,3,WHITE,BLACK,118,69,28,24
UCEC,"('mRNA', 'Methylation')",PFI,4,WHITE,BLACK,86,73,19,28
UCEC,"('mRNA', 'Methylation')",PFI,5,WHITE,BLACK,54,74,16,28
UCEC,"('mRNA', 'MicroRNA')",DFI,2,WHITE,BLACK,166,30,37,5
UCEC,"('mRNA', 'MicroRNA')",DFI,3,WHITE,BLACK,110,36,20,11
UCEC,"('mRNA', 'MicroRNA')",DFI,4,WHITE,BLACK,81,39,15,13
UCEC,"('mRNA', 'MicroRNA')",DFI,5,WHITE,BLACK,52,40,12,13
UCEC,"('mRNA', 'MicroRNA')",DSS,2,WHITE,BLACK,213,20,58,7
UCEC,"('mRNA', 'MicroRNA')",DSS,3,WHITE,BLACK,142,29,37,11
UCEC,"('mRNA', 'MicroRNA')",DSS,4,WHITE,BLACK,107,32,25,14
UCEC,"('mRNA', 'MicroRNA')",DSS,5,WHITE,BLACK,70,33,19,15
UCEC,"('mRNA', 'MicroRNA')",OS,1,WHITE,BLACK,309,15,91,5
UCEC,"('mRNA', 'MicroRNA')",OS,2,WHITE,BLACK,214,32,58,8
UCEC,"('mRNA', 'MicroRNA')",OS,3,WHITE,BLACK,143,46,37,13
UCEC,"('mRNA', 'MicroRNA')",OS,4,WHITE,BLACK,107,51,25,17
UCEC,"('mRNA', 'MicroRNA')",OS,5,WHITE,BLACK,70,53,19,18
UCEC,"('mRNA', 'MicroRNA')",PFI,1,WHITE,BLACK,287,31,87,8
UCEC,"('mRNA', 'MicroRNA')",PFI,2,WHITE,BLACK,189,61,50,17
UCEC,"('mRNA', 'MicroRNA')",PFI,3,WHITE,BLACK,123,72,30,23
UCEC,"('mRNA', 'MicroRNA')",PFI,4,WHITE,BLACK,90,78,21,27
UCEC,"('mRNA', 'MicroRNA')",PFI,5,WHITE,BLACK,58,79,17,27
UCEC,"('Protein', 'Methylation')",DFI,3,WHITE,BLACK,85,30,14,8
UCEC,"('Protein', 'Methylation')",DFI,4,WHITE,BLACK,61,30,11,9
UCEC,"('Protein', 'Methylation')",DFI,5,WHITE,BLACK,39,31,9,9
UCEC,"('Protein', 'Methylation')",DSS,2,WHITE,BLACK,158,15,43,7
UCEC,"('Protein', 'Methylation')",DSS,3,WHITE,BLACK,108,21,25,10
UCEC,"('Protein', 'Methylation')",DSS,4,WHITE,BLACK,78,24,17,12
UCEC,"('Protein', 'Methylation')",DSS,5,WHITE,BLACK,50,25,13,12
UCEC,"('Protein', 'Methylation')",OS,1,WHITE,BLACK,235,13,73,5
UCEC,"('Protein', 'Methylation')",OS,2,WHITE,BLACK,159,26,43,8
UCEC,"('Protein', 'Methylation')",OS,3,WHITE,BLACK,109,35,25,12
UCEC,"('Protein', 'Methylation')",OS,4,WHITE,BLACK,78,40,17,15
UCEC,"('Protein', 'Methylation')",OS,5,WHITE,BLACK,50,42,13,15
UCEC,"('Protein', 'Methylation')",PFI,1,WHITE,BLACK,216,26,70,7
UCEC,"('Protein', 'Methylation')",PFI,2,WHITE,BLACK,139,47,39,13
UCEC,"('Protein', 'Methylation')",PFI,3,WHITE,BLACK,92,56,21,19
UCEC,"('Protein', 'Methylation')",PFI,4,WHITE,BLACK,66,57,15,21
UCEC,"('Protein', 'Methylation')",PFI,5,WHITE,BLACK,41,58,12,21
UCEC,"('Protein', 'MicroRNA')",DFI,3,WHITE,BLACK,88,31,16,8
UCEC,"('Protein', 'MicroRNA')",DFI,4,WHITE,BLACK,64,32,13,9
UCEC,"('Protein', 'MicroRNA')",DFI,5,WHITE,BLACK,41,33,10,9
UCEC,"('Protein', 'MicroRNA')",DSS,2,WHITE,BLACK,167,16,45,6
UCEC,"('Protein', 'MicroRNA')",DSS,3,WHITE,BLACK,113,23,27,9
UCEC,"('Protein', 'MicroRNA')",DSS,4,WHITE,BLACK,83,26,19,11
UCEC,"('Protein', 'MicroRNA')",DSS,5,WHITE,BLACK,53,27,14,11
UCEC,"('Protein', 'MicroRNA')",OS,1,WHITE,BLACK,246,13,74,5
UCEC,"('Protein', 'MicroRNA')",OS,2,WHITE,BLACK,168,26,45,7
UCEC,"('Protein', 'MicroRNA')",OS,3,WHITE,BLACK,114,36,27,11
UCEC,"('Protein', 'MicroRNA')",OS,4,WHITE,BLACK,83,41,19,14
UCEC,"('Protein', 'MicroRNA')",OS,5,WHITE,BLACK,53,43,14,14
UCEC,"('Protein', 'MicroRNA')",PFI,1,WHITE,BLACK,226,27,71,7
UCEC,"('Protein', 'MicroRNA')",PFI,2,WHITE,BLACK,147,49,41,12
UCEC,"('Protein', 'MicroRNA')",PFI,3,WHITE,BLACK,96,59,23,18
UCEC,"('Protein', 'MicroRNA')",PFI,4,WHITE,BLACK,69,62,17,20
UCEC,"('Protein', 'MicroRNA')",PFI,5,WHITE,BLACK,44,63,13,20
UCEC,"('Protein', 'mRNA')",DFI,3,WHITE,BLACK,93,31,16,8
UCEC,"('Protein', 'mRNA')",DFI,4,WHITE,BLACK,67,32,13,9
UCEC,"('Protein', 'mRNA')",DFI,5,WHITE,BLACK,43,33,10,9
UCEC,"('Protein', 'mRNA')",DSS,2,WHITE,BLACK,173,16,45,7
UCEC,"('Protein', 'mRNA')",DSS,3,WHITE,BLACK,118,24,27,10
UCEC,"('Protein', 'mRNA')",DSS,4,WHITE,BLACK,86,26,19,12
UCEC,"('Protein', 'mRNA')",DSS,5,WHITE,BLACK,55,27,14,12
UCEC,"('Protein', 'mRNA')",OS,1,WHITE,BLACK,254,13,74,5
UCEC,"('Protein', 'mRNA')",OS,2,WHITE,BLACK,174,27,45,8
UCEC,"('Protein', 'mRNA')",OS,3,WHITE,BLACK,119,38,27,12
UCEC,"('Protein', 'mRNA')",OS,4,WHITE,BLACK,86,42,19,15
UCEC,"('Protein', 'mRNA')",OS,5,WHITE,BLACK,55,44,14,15
UCEC,"('Protein', 'mRNA')",PFI,1,WHITE,BLACK,233,28,71,7
UCEC,"('Protein', 'mRNA')",PFI,2,WHITE,BLACK,152,50,41,13
UCEC,"('Protein', 'mRNA')",PFI,3,WHITE,BLACK,101,60,23,19
UCEC,"('Protein', 'mRNA')",PFI,4,WHITE,BLACK,72,63,17,21
UCEC,"('Protein', 'mRNA')",PFI,5,WHITE,BLACK,46,64,13,21
BLCA,"('MicroRNA', 'Methylation')",DFI,2,WHITE,ASIAN,61,11,7,6
BLCA,"('MicroRNA', 'Methylation')",OS,2,WHITE,ASIAN,112,118,8,7
BLCA,"('MicroRNA', 'Methylation')",PFI,1,WHITE,ASIAN,186,86,25,7
BLCA,"('MicroRNA', 'Methylation')",PFI,2,WHITE,ASIAN,92,122,7,9
BLCA,"('mRNA', 'Methylation')",DFI,2,WHITE,ASIAN,61,11,7,6
BLCA,"('mRNA', 'Methylation')",OS,2,WHITE,ASIAN,111,118,8,7
BLCA,"('mRNA', 'Methylation')",PFI,1,WHITE,ASIAN,184,87,25,7
BLCA,"('mRNA', 'Methylation')",PFI,2,WHITE,ASIAN,92,121,7,9
BLCA,"('mRNA', 'MicroRNA')",DFI,2,WHITE,ASIAN,63,12,7,6
BLCA,"('mRNA', 'MicroRNA')",OS,2,WHITE,ASIAN,118,120,9,7
BLCA,"('mRNA', 'MicroRNA')",OS,3,WHITE,ASIAN,74,138,5,7
BLCA,"('mRNA', 'MicroRNA')",OS,4,WHITE,ASIAN,55,144,5,7
BLCA,"('mRNA', 'MicroRNA')",PFI,1,WHITE,ASIAN,191,90,26,7
BLCA,"('mRNA', 'MicroRNA')",PFI,2,WHITE,ASIAN,97,125,8,9
BLCA,"('Protein', 'Methylation')",DFI,2,WHITE,ASIAN,47,10,6,5
BLCA,"('Protein', 'Methylation')",OS,2,WHITE,ASIAN,91,101,7,6
BLCA,"('Protein', 'Methylation')",PFI,1,WHITE,ASIAN,152,72,21,7
BLCA,"('Protein', 'Methylation')",PFI,2,WHITE,ASIAN,72,105,6,8
BLCA,"('Protein', 'MicroRNA')",DFI,2,WHITE,ASIAN,49,12,6,5
BLCA,"('Protein', 'MicroRNA')",OS,2,WHITE,ASIAN,98,103,8,6
BLCA,"('Protein', 'MicroRNA')",PFI,1,WHITE,ASIAN,159,76,22,7
BLCA,"('Protein', 'MicroRNA')",PFI,2,WHITE,ASIAN,77,110,7,8
BLCA,"('Protein', 'mRNA')",DFI,2,WHITE,ASIAN,49,11,6,5
BLCA,"('Protein', 'mRNA')",OS,2,WHITE,ASIAN,97,103,8,6
BLCA,"('Protein', 'mRNA')",PFI,1,WHITE,ASIAN,157,76,22,7
BLCA,"('Protein', 'mRNA')",PFI,2,WHITE,ASIAN,77,108,7,8
BRCA,"('MicroRNA', 'Methylation')",PFI,3,WHITE,ASIAN,299,54,7,5
BRCA,"('MicroRNA', 'Methylation')",PFI,4,WHITE,ASIAN,220,66,6,5
BRCA,"('mRNA', 'Methylation')",PFI,3,WHITE,ASIAN,304,57,7,5
BRCA,"('mRNA', 'Methylation')",PFI,4,WHITE,ASIAN,223,69,6,5
BRCA,"('mRNA', 'MicroRNA')",PFI,3,WHITE,ASIAN,320,59,8,5
BRCA,"('mRNA', 'MicroRNA')",PFI,4,WHITE,ASIAN,230,72,7,5
BRCA,"('Protein', 'Methylation')",PFI,3,WHITE,ASIAN,252,51,6,5
BRCA,"('Protein', 'Methylation')",PFI,4,WHITE,ASIAN,186,60,5,5
BRCA,"('Protein', 'MicroRNA')",PFI,3,WHITE,ASIAN,264,53,7,5
BRCA,"('Protein', 'MicroRNA')",PFI,4,WHITE,ASIAN,191,63,6,5
BRCA,"('Protein', 'mRNA')",PFI,3,WHITE,ASIAN,273,56,7,5
BRCA,"('Protein', 'mRNA')",PFI,4,WHITE,ASIAN,199,66,6,5
ESCA,"('MicroRNA', 'Methylation')",OS,1,WHITE,ASIAN,62,22,34,7
ESCA,"('MicroRNA', 'Methylation')",PFI,1,WHITE,ASIAN,51,26,19,19
ESCA,"('mRNA', 'Methylation')",OS,1,WHITE,ASIAN,62,22,35,7
ESCA,"('mRNA', 'Methylation')",PFI,1,WHITE,ASIAN,51,26,20,19
ESCA,"('mRNA', 'MicroRNA')",OS,1,WHITE,ASIAN,71,28,34,7
ESCA,"('mRNA', 'MicroRNA')",PFI,1,WHITE,ASIAN,58,33,19,19
ESCA,"('Protein', 'Methylation')",OS,1,WHITE,ASIAN,43,15,34,6
ESCA,"('Protein', 'Methylation')",PFI,1,WHITE,ASIAN,36,14,19,18
ESCA,"('Protein', 'MicroRNA')",OS,1,WHITE,ASIAN,47,18,33,6
ESCA,"('Protein', 'MicroRNA')",PFI,1,WHITE,ASIAN,39,17,18,18
ESCA,"('Protein', 'mRNA')",OS,1,WHITE,ASIAN,48,18,34,6
ESCA,"('Protein', 'mRNA')",PFI,1,WHITE,ASIAN,39,18,19,18
LIHC,"('MicroRNA', 'Methylation')",DFI,1,WHITE,ASIAN,69,38,81,45
LIHC,"('MicroRNA', 'Methylation')",DFI,2,WHITE,ASIAN,35,57,40,52
LIHC,"('MicroRNA', 'Methylation')",DFI,3,WHITE,ASIAN,19,63,27,57
LIHC,"('MicroRNA', 'Methylation')",DFI,4,WHITE,ASIAN,11,68,18,60
LIHC,"('MicroRNA', 'Methylation')",DFI,5,WHITE,ASIAN,8,69,8,63
LIHC,"('MicroRNA', 'Methylation')",DSS,1,WHITE,ASIAN,117,7,105,18
LIHC,"('MicroRNA', 'Methylation')",DSS,2,WHITE,ASIAN,68,22,55,23
LIHC,"('MicroRNA', 'Methylation')",DSS,3,WHITE,ASIAN,38,32,43,23
LIHC,"('MicroRNA', 'Methylation')",DSS,4,WHITE,ASIAN,28,37,32,23
LIHC,"('MicroRNA', 'Methylation')",DSS,5,WHITE,ASIAN,19,42,18,24
LIHC,"('MicroRNA', 'Methylation')",OS,1,WHITE,ASIAN,119,20,106,35
LIHC,"('MicroRNA', 'Methylation')",OS,2,WHITE,ASIAN,70,39,55,41
LIHC,"('MicroRNA', 'Methylation')",OS,3,WHITE,ASIAN,39,51,43,41
LIHC,"('MicroRNA', 'Methylation')",OS,4,WHITE,ASIAN,28,58,32,41
LIHC,"('MicroRNA', 'Methylation')",OS,5,WHITE,ASIAN,19,63,18,43
LIHC,"('MicroRNA', 'Methylation')",PFI,1,WHITE,ASIAN,81,49,80,54
LIHC,"('MicroRNA', 'Methylation')",PFI,2,WHITE,ASIAN,37,75,39,61
LIHC,"('MicroRNA', 'Methylation')",PFI,3,WHITE,ASIAN,19,83,27,66
LIHC,"('MicroRNA', 'Methylation')",PFI,4,WHITE,ASIAN,12,88,18,69
LIHC,"('MicroRNA', 'Methylation')",PFI,5,WHITE,ASIAN,8,90,8,72
LIHC,"('mRNA', 'Methylation')",DFI,1,WHITE,ASIAN,69,39,80,43
LIHC,"('mRNA', 'Methylation')",DFI,2,WHITE,ASIAN,33,59,39,50
LIHC,"('mRNA', 'Methylation')",DFI,3,WHITE,ASIAN,19,65,26,55
LIHC,"('mRNA', 'Methylation')",DFI,4,WHITE,ASIAN,11,70,18,57
LIHC,"('mRNA', 'Methylation')",DFI,5,WHITE,ASIAN,8,71,8,60
LIHC,"('mRNA', 'Methylation')",DSS,1,WHITE,ASIAN,118,7,102,18
LIHC,"('mRNA', 'Methylation')",DSS,2,WHITE,ASIAN,68,22,53,23
LIHC,"('mRNA', 'Methylation')",DSS,3,WHITE,ASIAN,39,31,41,23
LIHC,"('mRNA', 'Methylation')",DSS,4,WHITE,ASIAN,28,37,31,23
LIHC,"('mRNA', 'Methylation')",DSS,5,WHITE,ASIAN,19,42,18,24
LIHC,"('mRNA', 'Methylation')",OS,1,WHITE,ASIAN,120,20,103,35
LIHC,"('mRNA', 'Methylation')",OS,2,WHITE,ASIAN,70,40,53,41
LIHC,"('mRNA', 'Methylation')",OS,3,WHITE,ASIAN,40,51,41,41
LIHC,"('mRNA', 'Methylation')",OS,4,WHITE,ASIAN,28,59,31,41
LIHC,"('mRNA', 'Methylation')",OS,5,WHITE,ASIAN,19,64,18,43
LIHC,"('mRNA', 'Methylation')",PFI,1,WHITE,ASIAN,82,49,79,52
LIHC,"('mRNA', 'Methylation')",PFI,2,WHITE,ASIAN,36,76,38,59
LIHC,"('mRNA', 'Methylation')",PFI,3,WHITE,ASIAN,19,84,26,64
LIHC,"('mRNA', 'Methylation')",PFI,4,WHITE,ASIAN,12,89,18,66
LIHC,"('mRNA', 'Methylation')",PFI,5,WHITE,ASIAN,8,91,8,69
LIHC,"('mRNA', 'MicroRNA')",DFI,1,WHITE,ASIAN,69,40,81,44
LIHC,"('mRNA', 'MicroRNA')",DFI,2,WHITE,ASIAN,33,60,39,51
LIHC,"('mRNA', 'MicroRNA')",DFI,3,WHITE,ASIAN,19,66,26,56
LIHC,"('mRNA', 'MicroRNA')",DFI,4,WHITE,ASIAN,11,71,18,58
LIHC,"('mRNA', 'MicroRNA')",DFI,5,WHITE,ASIAN,8,72,8,61
LIHC,"('mRNA', 'MicroRNA')",DSS,1,WHITE,ASIAN,119,7,104,18
LIHC,"('mRNA', 'MicroRNA')",DSS,2,WHITE,ASIAN,68,23,53,23
LIHC,"('mRNA', 'MicroRNA')",DSS,3,WHITE,ASIAN,40,32,41,23
LIHC,"('mRNA', 'MicroRNA')",DSS,4,WHITE,ASIAN,29,38,31,23
LIHC,"('mRNA', 'MicroRNA')",DSS,5,WHITE,ASIAN,20,43,18,24
LIHC,"('mRNA', 'MicroRNA')",OS,1,WHITE,ASIAN,121,22,105,35
LIHC,"('mRNA', 'MicroRNA')",OS,2,WHITE,ASIAN,70,43,53,41
LIHC,"('mRNA', 'MicroRNA')",OS,3,WHITE,ASIAN,41,54,41,41
LIHC,"('mRNA', 'MicroRNA')",OS,4,WHITE,ASIAN,29,62,31,41
LIHC,"('mRNA', 'MicroRNA')",OS,5,WHITE,ASIAN,20,67,18,43
LIHC,"('mRNA', 'MicroRNA')",PFI,1,WHITE,ASIAN,82,50,80,53
LIHC,"('mRNA', 'MicroRNA')",PFI,2,WHITE,ASIAN,36,77,38,60
LIHC,"('mRNA', 'MicroRNA')",PFI,3,WHITE,ASIAN,19,85,26,65
LIHC,"('mRNA', 'MicroRNA')",PFI,4,WHITE,ASIAN,12,90,18,67
LIHC,"('mRNA', 'MicroRNA')",PFI,5,WHITE,ASIAN,8,92,8,70
LIHC,"('Protein', 'Methylation')",DFI,1,WHITE,ASIAN,44,27,15,19
LIHC,"('Protein', 'Methylation')",DFI,2,WHITE,ASIAN,22,41,6,18
LIHC,"('Protein', 'Methylation')",DSS,2,WHITE,ASIAN,45,15,7,16
LIHC,"('Protein', 'Methylation')",OS,1,WHITE,ASIAN,81,12,22,26
LIHC,"('Protein', 'Methylation')",OS,2,WHITE,ASIAN,47,28,7,28
LIHC,"('Protein', 'Methylation')",PFI,1,WHITE,ASIAN,52,34,14,25
LIHC,"('Protein', 'Methylation')",PFI,2,WHITE,ASIAN,21,55,5,24
LIHC,"('Protein', 'MicroRNA')",DFI,1,WHITE,ASIAN,43,28,15,19
LIHC,"('Protein', 'MicroRNA')",DFI,2,WHITE,ASIAN,22,41,6,18
LIHC,"('Protein', 'MicroRNA')",DSS,2,WHITE,ASIAN,45,16,7,16
LIHC,"('Protein', 'MicroRNA')",OS,1,WHITE,ASIAN,81,14,22,26
LIHC,"('Protein', 'MicroRNA')",OS,2,WHITE,ASIAN,46,31,7,28
LIHC,"('Protein', 'MicroRNA')",PFI,1,WHITE,ASIAN,51,35,14,25
LIHC,"('Protein', 'MicroRNA')",PFI,2,WHITE,ASIAN,21,55,5,24
LIHC,"('Protein', 'mRNA')",DFI,1,WHITE,ASIAN,43,30,15,19
LIHC,"('Protein', 'mRNA')",DFI,2,WHITE,ASIAN,20,44,6,18
LIHC,"('Protein', 'mRNA')",DSS,2,WHITE,ASIAN,46,16,7,16
LIHC,"('Protein', 'mRNA')",OS,1,WHITE,ASIAN,84,14,22,26
LIHC,"('Protein', 'mRNA')",OS,2,WHITE,ASIAN,47,32,7,28
LIHC,"('Protein', 'mRNA')",PFI,1,WHITE,ASIAN,52,37,14,25
LIHC,"('Protein', 'mRNA')",PFI,2,WHITE,ASIAN,20,58,5,24
PanGI,"('MicroRNA', 'Methylation')",DFI,1,WHITE,ASIAN,216,15,67,33
PanGI,"('MicroRNA', 'Methylation')",DFI,2,WHITE,ASIAN,124,35,13,36
PanGI,"('MicroRNA', 'Methylation')",DSS,1,WHITE,ASIAN,418,47,100,17
PanGI,"('MicroRNA', 'Methylation')",DSS,2,WHITE,ASIAN,225,83,20,20
PanGI,"('MicroRNA', 'Methylation')",OS,1,WHITE,ASIAN,440,99,101,26
PanGI,"('MicroRNA', 'Methylation')",OS,2,WHITE,ASIAN,241,153,20,31
PanGI,"('MicroRNA', 'Methylation')",PFI,1,WHITE,ASIAN,390,106,77,40
PanGI,"('MicroRNA', 'Methylation')",PFI,2,WHITE,ASIAN,200,165,16,48
PanGI,"('mRNA', 'Methylation')",DFI,1,WHITE,ASIAN,214,15,67,33
PanGI,"('mRNA', 'Methylation')",DFI,2,WHITE,ASIAN,122,35,14,36
PanGI,"('mRNA', 'Methylation')",DSS,1,WHITE,ASIAN,416,45,100,17
PanGI,"('mRNA', 'Methylation')",DSS,2,WHITE,ASIAN,223,81,21,20
PanGI,"('mRNA', 'Methylation')",OS,1,WHITE,ASIAN,438,92,101,26
PanGI,"('mRNA', 'Methylation')",OS,2,WHITE,ASIAN,239,146,21,31
PanGI,"('mRNA', 'Methylation')",PFI,1,WHITE,ASIAN,388,103,77,40
PanGI,"('mRNA', 'Methylation')",PFI,2,WHITE,ASIAN,198,162,17,48
PanGI,"('mRNA', 'MicroRNA')",DFI,1,WHITE,ASIAN,293,19,66,33
PanGI,"('mRNA', 'MicroRNA')",DFI,2,WHITE,ASIAN,174,42,14,36
PanGI,"('mRNA', 'MicroRNA')",DSS,1,WHITE,ASIAN,583,76,99,18
PanGI,"('mRNA', 'MicroRNA')",DSS,2,WHITE,ASIAN,328,126,21,21
PanGI,"('mRNA', 'MicroRNA')",OS,1,WHITE,ASIAN,606,132,100,27
PanGI,"('mRNA', 'MicroRNA')",OS,2,WHITE,ASIAN,344,203,21,32
PanGI,"('mRNA', 'MicroRNA')",PFI,1,WHITE,ASIAN,545,147,76,41
PanGI,"('mRNA', 'MicroRNA')",PFI,2,WHITE,ASIAN,294,223,17,49
PanGI,"('Protein', 'Methylation')",DFI,1,WHITE,ASIAN,169,11,58,31
PanGI,"('Protein', 'Methylation')",DFI,2,WHITE,ASIAN,96,26,9,32
PanGI,"('Protein', 'Methylation')",DSS,1,WHITE,ASIAN,339,31,87,14
PanGI,"('Protein', 'Methylation')",DSS,2,WHITE,ASIAN,179,58,14,16
PanGI,"('Protein', 'Methylation')",OS,1,WHITE,ASIAN,360,79,87,23
PanGI,"('Protein', 'Methylation')",OS,2,WHITE,ASIAN,194,122,14,27
PanGI,"('Protein', 'Methylation')",PFI,1,WHITE,ASIAN,323,74,65,35
PanGI,"('Protein', 'Methylation')",PFI,2,WHITE,ASIAN,163,123,11,39
PanGI,"('Protein', 'MicroRNA')",DFI,1,WHITE,ASIAN,223,14,56,31
PanGI,"('Protein', 'MicroRNA')",DFI,2,WHITE,ASIAN,132,31,8,32
PanGI,"('Protein', 'MicroRNA')",DSS,1,WHITE,ASIAN,457,53,85,14
PanGI,"('Protein', 'MicroRNA')",DSS,2,WHITE,ASIAN,254,90,13,16
PanGI,"('Protein', 'MicroRNA')",OS,1,WHITE,ASIAN,479,108,85,23
PanGI,"('Protein', 'MicroRNA')",OS,2,WHITE,ASIAN,269,164,13,27
PanGI,"('Protein', 'MicroRNA')",PFI,1,WHITE,ASIAN,433,106,63,35
PanGI,"('Protein', 'MicroRNA')",PFI,2,WHITE,ASIAN,232,167,10,39
PanGI,"('Protein', 'mRNA')",DFI,1,WHITE,ASIAN,234,16,57,31
PanGI,"('Protein', 'mRNA')",DFI,2,WHITE,ASIAN,138,33,9,32
PanGI,"('Protein', 'mRNA')",DSS,1,WHITE,ASIAN,483,54,86,15
PanGI,"('Protein', 'mRNA')",DSS,2,WHITE,ASIAN,269,93,14,17
PanGI,"('Protein', 'mRNA')",OS,1,WHITE,ASIAN,504,105,86,24
PanGI,"('Protein', 'mRNA')",OS,2,WHITE,ASIAN,284,162,14,28
PanGI,"('Protein', 'mRNA')",PFI,1,WHITE,ASIAN,454,111,64,36
PanGI,"('Protein', 'mRNA')",PFI,2,WHITE,ASIAN,246,173,11,40
PanGyn,"('MicroRNA', 'Methylation')",DFI,2,WHITE,ASIAN,304,141,23,7
PanGyn,"('MicroRNA', 'Methylation')",DFI,3,WHITE,ASIAN,201,175,17,7
PanGyn,"('MicroRNA', 'Methylation')",DFI,4,WHITE,ASIAN,145,187,13,8
PanGyn,"('MicroRNA', 'Methylation')",DFI,5,WHITE,ASIAN,91,195,12,9
PanGyn,"('MicroRNA', 'Methylation')",DSS,3,WHITE,ASIAN,389,172,19,5
PanGyn,"('MicroRNA', 'Methylation')",DSS,4,WHITE,ASIAN,282,223,15,5
PanGyn,"('MicroRNA', 'Methylation')",DSS,5,WHITE,ASIAN,191,256,14,6
PanGyn,"('MicroRNA', 'Methylation')",OS,2,WHITE,ASIAN,565,146,31,5
PanGyn,"('MicroRNA', 'Methylation')",OS,3,WHITE,ASIAN,403,214,19,6
PanGyn,"('MicroRNA', 'Methylation')",OS,4,WHITE,ASIAN,286,279,15,6
PanGyn,"('MicroRNA', 'Methylation')",OS,5,WHITE,ASIAN,194,317,14,7
PanGyn,"('MicroRNA', 'Methylation')",PFI,1,WHITE,ASIAN,661,167,39,6
PanGyn,"('MicroRNA', 'Methylation')",PFI,2,WHITE,ASIAN,385,326,24,13
PanGyn,"('MicroRNA', 'Methylation')",PFI,3,WHITE,ASIAN,246,383,18,13
PanGyn,"('MicroRNA', 'Methylation')",PFI,4,WHITE,ASIAN,175,404,13,14
PanGyn,"('MicroRNA', 'Methylation')",PFI,5,WHITE,ASIAN,111,416,12,15
PanGyn,"('mRNA', 'Methylation')",DFI,2,WHITE,ASIAN,274,98,23,6
PanGyn,"('mRNA', 'Methylation')",DFI,3,WHITE,ASIAN,182,122,17,6
PanGyn,"('mRNA', 'Methylation')",DFI,4,WHITE,ASIAN,129,130,13,7
PanGyn,"('mRNA', 'Methylation')",DFI,5,WHITE,ASIAN,80,135,12,8
PanGyn,"('mRNA', 'Methylation')",DSS,3,WHITE,ASIAN,303,136,18,5
PanGyn,"('mRNA', 'Methylation')",DSS,4,WHITE,ASIAN,220,164,14,5
PanGyn,"('mRNA', 'Methylation')",DSS,5,WHITE,ASIAN,145,183,14,5
PanGyn,"('mRNA', 'Methylation')",OS,2,WHITE,ASIAN,459,122,30,5
PanGyn,"('mRNA', 'Methylation')",OS,3,WHITE,ASIAN,314,177,18,6
PanGyn,"('mRNA', 'Methylation')",OS,4,WHITE,ASIAN,224,216,14,6
PanGyn,"('mRNA', 'Methylation')",OS,5,WHITE,ASIAN,148,239,14,6
PanGyn,"('mRNA', 'Methylation')",PFI,1,WHITE,ASIAN,565,128,37,6
PanGyn,"('mRNA', 'Methylation')",PFI,2,WHITE,ASIAN,336,243,24,11
PanGyn,"('mRNA', 'Methylation')",PFI,3,WHITE,ASIAN,218,280,18,11
PanGyn,"('mRNA', 'Methylation')",PFI,4,WHITE,ASIAN,153,294,13,12
PanGyn,"('mRNA', 'Methylation')",PFI,5,WHITE,ASIAN,96,301,12,13
PanGyn,"('mRNA', 'MicroRNA')",DFI,2,WHITE,ASIAN,289,100,29,6
PanGyn,"('mRNA', 'MicroRNA')",DFI,3,WHITE,ASIAN,191,125,22,6
PanGyn,"('mRNA', 'MicroRNA')",DFI,4,WHITE,ASIAN,137,134,18,7
PanGyn,"('mRNA', 'MicroRNA')",DFI,5,WHITE,ASIAN,86,140,17,8
PanGyn,"('mRNA', 'MicroRNA')",DSS,2,WHITE,ASIAN,466,94,38,5
PanGyn,"('mRNA', 'MicroRNA')",DSS,3,WHITE,ASIAN,316,140,24,7
PanGyn,"('mRNA', 'MicroRNA')",DSS,4,WHITE,ASIAN,230,169,19,8
PanGyn,"('mRNA', 'MicroRNA')",DSS,5,WHITE,ASIAN,152,188,19,8
PanGyn,"('mRNA', 'MicroRNA')",OS,2,WHITE,ASIAN,483,124,38,7
PanGyn,"('mRNA', 'MicroRNA')",OS,3,WHITE,ASIAN,328,180,24,9
PanGyn,"('mRNA', 'MicroRNA')",OS,4,WHITE,ASIAN,235,220,19,10
PanGyn,"('mRNA', 'MicroRNA')",OS,5,WHITE,ASIAN,156,243,19,10
PanGyn,"('mRNA', 'MicroRNA')",PFI,1,WHITE,ASIAN,594,128,49,6
PanGyn,"('mRNA', 'MicroRNA')",PFI,2,WHITE,ASIAN,355,251,30,14
PanGyn,"('mRNA', 'MicroRNA')",PFI,3,WHITE,ASIAN,229,290,23,14
PanGyn,"('mRNA', 'MicroRNA')",PFI,4,WHITE,ASIAN,162,306,18,15
PanGyn,"('mRNA', 'MicroRNA')",PFI,5,WHITE,ASIAN,104,314,17,16
PanGyn,"('Protein', 'Methylation')",DFI,2,WHITE,ASIAN,247,121,17,6
PanGyn,"('Protein', 'Methylation')",DFI,3,WHITE,ASIAN,153,156,10,7
PanGyn,"('Protein', 'Methylation')",DFI,4,WHITE,ASIAN,106,165,8,8
PanGyn,"('Protein', 'Methylation')",DFI,5,WHITE,ASIAN,69,171,8,8
PanGyn,"('Protein', 'Methylation')",OS,5,WHITE,ASIAN,155,248,9,5
PanGyn,"('Protein', 'Methylation')",PFI,2,WHITE,ASIAN,299,268,18,10
PanGyn,"('Protein', 'Methylation')",PFI,3,WHITE,ASIAN,180,321,11,11
PanGyn,"('Protein', 'Methylation')",PFI,4,WHITE,ASIAN,125,334,8,12
PanGyn,"('Protein', 'Methylation')",PFI,5,WHITE,ASIAN,81,344,8,12
PanGyn,"('Protein', 'MicroRNA')",DFI,2,WHITE,ASIAN,244,113,20,6
PanGyn,"('Protein', 'MicroRNA')",DFI,3,WHITE,ASIAN,155,143,12,7
PanGyn,"('Protein', 'MicroRNA')",DFI,4,WHITE,ASIAN,110,153,10,8
PanGyn,"('Protein', 'MicroRNA')",DFI,5,WHITE,ASIAN,71,160,10,8
PanGyn,"('Protein', 'MicroRNA')",DSS,4,WHITE,ASIAN,213,162,12,5
PanGyn,"('Protein', 'MicroRNA')",DSS,5,WHITE,ASIAN,147,186,11,6
PanGyn,"('Protein', 'MicroRNA')",OS,3,WHITE,ASIAN,306,155,15,6
PanGyn,"('Protein', 'MicroRNA')",OS,4,WHITE,ASIAN,218,201,12,7
PanGyn,"('Protein', 'MicroRNA')",OS,5,WHITE,ASIAN,151,230,11,8
PanGyn,"('Protein', 'MicroRNA')",PFI,2,WHITE,ASIAN,297,245,21,12
PanGyn,"('Protein', 'MicroRNA')",PFI,3,WHITE,ASIAN,183,292,13,13
PanGyn,"('Protein', 'MicroRNA')",PFI,4,WHITE,ASIAN,130,307,10,14
PanGyn,"('Protein', 'MicroRNA')",PFI,5,WHITE,ASIAN,85,318,10,14
PanGyn,"('Protein', 'mRNA')",DFI,2,WHITE,ASIAN,232,88,20,5
PanGyn,"('Protein', 'mRNA')",DFI,3,WHITE,ASIAN,148,113,12,6
PanGyn,"('Protein', 'mRNA')",DFI,4,WHITE,ASIAN,105,119,10,7
PanGyn,"('Protein', 'mRNA')",DFI,5,WHITE,ASIAN,69,125,10,7
PanGyn,"('Protein', 'mRNA')",DSS,4,WHITE,ASIAN,179,131,11,5
PanGyn,"('Protein', 'mRNA')",DSS,5,WHITE,ASIAN,123,147,11,5
PanGyn,"('Protein', 'mRNA')",OS,3,WHITE,ASIAN,259,135,14,6
PanGyn,"('Protein', 'mRNA')",OS,4,WHITE,ASIAN,184,168,11,7
PanGyn,"('Protein', 'mRNA')",OS,5,WHITE,ASIAN,127,188,11,7
PanGyn,"('Protein', 'mRNA')",PFI,2,WHITE,ASIAN,274,197,21,10
PanGyn,"('Protein', 'mRNA')",PFI,3,WHITE,ASIAN,172,232,13,11
PanGyn,"('Protein', 'mRNA')",PFI,4,WHITE,ASIAN,121,243,10,12
PanGyn,"('Protein', 'mRNA')",PFI,5,WHITE,ASIAN,81,251,10,12
PanSCCs,"('MicroRNA', 'Methylation')",DFI,1,WHITE,ASIAN,494,33,58,24
PanSCCs,"('MicroRNA', 'Methylation')",DFI,2,WHITE,ASIAN,289,69,14,29
PanSCCs,"('MicroRNA', 'Methylation')",DFI,3,WHITE,ASIAN,166,87,6,28
PanSCCs,"('MicroRNA', 'Methylation')",DFI,4,WHITE,ASIAN,117,89,5,28
PanSCCs,"('MicroRNA', 'Methylation')",DSS,1,WHITE,ASIAN,946,120,89,6
PanSCCs,"('MicroRNA', 'Methylation')",DSS,2,WHITE,ASIAN,546,236,20,12
PanSCCs,"('MicroRNA', 'Methylation')",DSS,3,WHITE,ASIAN,331,279,8,11
PanSCCs,"('MicroRNA', 'Methylation')",DSS,4,WHITE,ASIAN,231,292,6,12
PanSCCs,"('MicroRNA', 'Methylation')",DSS,5,WHITE,ASIAN,153,299,5,12
PanSCCs,"('MicroRNA', 'Methylation')",OS,1,WHITE,ASIAN,991,203,89,14
PanSCCs,"('MicroRNA', 'Methylation')",OS,2,WHITE,ASIAN,573,373,20,23
PanSCCs,"('MicroRNA', 'Methylation')",OS,3,WHITE,ASIAN,349,443,8,23
PanSCCs,"('MicroRNA', 'Methylation')",OS,4,WHITE,ASIAN,246,470,6,24
PanSCCs,"('MicroRNA', 'Methylation')",OS,5,WHITE,ASIAN,165,483,5,25
PanSCCs,"('MicroRNA', 'Methylation')",PFI,1,WHITE,ASIAN,869,261,64,32
PanSCCs,"('MicroRNA', 'Methylation')",PFI,2,WHITE,ASIAN,494,388,14,41
PanSCCs,"('MicroRNA', 'Methylation')",PFI,3,WHITE,ASIAN,303,428,6,40
PanSCCs,"('MicroRNA', 'Methylation')",PFI,4,WHITE,ASIAN,214,442,5,40
PanSCCs,"('mRNA', 'Methylation')",DFI,1,WHITE,ASIAN,493,35,59,24
PanSCCs,"('mRNA', 'Methylation')",DFI,2,WHITE,ASIAN,291,69,14,29
PanSCCs,"('mRNA', 'Methylation')",DFI,3,WHITE,ASIAN,168,88,6,28
PanSCCs,"('mRNA', 'Methylation')",DFI,4,WHITE,ASIAN,119,90,5,28
PanSCCs,"('mRNA', 'Methylation')",DSS,1,WHITE,ASIAN,948,121,90,6
PanSCCs,"('mRNA', 'Methylation')",DSS,2,WHITE,ASIAN,548,237,20,12
PanSCCs,"('mRNA', 'Methylation')",DSS,3,WHITE,ASIAN,335,279,8,11
PanSCCs,"('mRNA', 'Methylation')",DSS,4,WHITE,ASIAN,234,293,6,12
PanSCCs,"('mRNA', 'Methylation')",DSS,5,WHITE,ASIAN,155,301,5,12
PanSCCs,"('mRNA', 'Methylation')",OS,1,WHITE,ASIAN,994,206,90,14
PanSCCs,"('mRNA', 'Methylation')",OS,2,WHITE,ASIAN,576,376,20,23
PanSCCs,"('mRNA', 'Methylation')",OS,3,WHITE,ASIAN,354,445,8,23
PanSCCs,"('mRNA', 'Methylation')",OS,4,WHITE,ASIAN,249,474,6,24
PanSCCs,"('mRNA', 'Methylation')",OS,5,WHITE,ASIAN,167,488,5,25
PanSCCs,"('mRNA', 'Methylation')",PFI,1,WHITE,ASIAN,870,264,65,32
PanSCCs,"('mRNA', 'Methylation')",PFI,2,WHITE,ASIAN,499,388,14,41
PanSCCs,"('mRNA', 'Methylation')",PFI,3,WHITE,ASIAN,307,430,6,40
PanSCCs,"('mRNA', 'Methylation')",PFI,4,WHITE,ASIAN,217,444,5,40
PanSCCs,"('mRNA', 'MicroRNA')",DFI,1,WHITE,ASIAN,544,37,58,24
PanSCCs,"('mRNA', 'MicroRNA')",DFI,2,WHITE,ASIAN,334,78,14,29
PanSCCs,"('mRNA', 'MicroRNA')",DFI,3,WHITE,ASIAN,201,98,6,28
PanSCCs,"('mRNA', 'MicroRNA')",DFI,4,WHITE,ASIAN,146,100,5,28
PanSCCs,"('mRNA', 'MicroRNA')",DSS,1,WHITE,ASIAN,1026,128,91,6
PanSCCs,"('mRNA', 'MicroRNA')",DSS,2,WHITE,ASIAN,610,253,22,12
PanSCCs,"('mRNA', 'MicroRNA')",DSS,3,WHITE,ASIAN,379,302,10,11
PanSCCs,"('mRNA', 'MicroRNA')",DSS,4,WHITE,ASIAN,265,315,8,12
PanSCCs,"('mRNA', 'MicroRNA')",DSS,5,WHITE,ASIAN,178,324,6,12
PanSCCs,"('mRNA', 'MicroRNA')",OS,1,WHITE,ASIAN,1084,221,92,15
PanSCCs,"('mRNA', 'MicroRNA')",OS,2,WHITE,ASIAN,646,404,22,25
PanSCCs,"('mRNA', 'MicroRNA')",OS,3,WHITE,ASIAN,405,482,10,25
PanSCCs,"('mRNA', 'MicroRNA')",OS,4,WHITE,ASIAN,286,512,8,26
PanSCCs,"('mRNA', 'MicroRNA')",OS,5,WHITE,ASIAN,193,530,6,27
PanSCCs,"('mRNA', 'MicroRNA')",PFI,1,WHITE,ASIAN,953,282,67,32
PanSCCs,"('mRNA', 'MicroRNA')",PFI,2,WHITE,ASIAN,561,418,16,41
PanSCCs,"('mRNA', 'MicroRNA')",PFI,3,WHITE,ASIAN,354,464,8,40
PanSCCs,"('mRNA', 'MicroRNA')",PFI,4,WHITE,ASIAN,251,480,7,40
PanSCCs,"('Protein', 'Methylation')",DFI,1,WHITE,ASIAN,328,22,47,24
PanSCCs,"('Protein', 'Methylation')",DFI,2,WHITE,ASIAN,195,51,9,27
PanSCCs,"('Protein', 'Methylation')",DSS,1,WHITE,ASIAN,578,79,76,5
PanSCCs,"('Protein', 'Methylation')",DSS,2,WHITE,ASIAN,345,152,15,9
PanSCCs,"('Protein', 'Methylation')",OS,1,WHITE,ASIAN,616,141,76,11
PanSCCs,"('Protein', 'Methylation')",OS,2,WHITE,ASIAN,367,255,15,17
PanSCCs,"('Protein', 'Methylation')",PFI,1,WHITE,ASIAN,541,164,52,30
PanSCCs,"('Protein', 'Methylation')",PFI,2,WHITE,ASIAN,314,249,9,37
PanSCCs,"('Protein', 'MicroRNA')",DFI,1,WHITE,ASIAN,362,24,46,24
PanSCCs,"('Protein', 'MicroRNA')",DFI,2,WHITE,ASIAN,222,59,9,27
PanSCCs,"('Protein', 'MicroRNA')",DSS,1,WHITE,ASIAN,626,84,77,5
PanSCCs,"('Protein', 'MicroRNA')",DSS,2,WHITE,ASIAN,383,161,17,9
PanSCCs,"('Protein', 'MicroRNA')",DSS,3,WHITE,ASIAN,252,196,6,8
PanSCCs,"('Protein', 'MicroRNA')",DSS,4,WHITE,ASIAN,189,207,5,9
PanSCCs,"('Protein', 'MicroRNA')",OS,1,WHITE,ASIAN,668,148,78,11
PanSCCs,"('Protein', 'MicroRNA')",OS,2,WHITE,ASIAN,407,268,17,18
PanSCCs,"('Protein', 'MicroRNA')",OS,3,WHITE,ASIAN,268,325,6,17
PanSCCs,"('Protein', 'MicroRNA')",OS,4,WHITE,ASIAN,202,343,5,18
PanSCCs,"('Protein', 'MicroRNA')",PFI,1,WHITE,ASIAN,591,172,54,30
PanSCCs,"('Protein', 'MicroRNA')",PFI,2,WHITE,ASIAN,349,266,11,37
PanSCCs,"('Protein', 'mRNA')",DFI,1,WHITE,ASIAN,365,26,47,24
PanSCCs,"('Protein', 'mRNA')",DFI,2,WHITE,ASIAN,226,59,9,27
PanSCCs,"('Protein', 'mRNA')",DSS,1,WHITE,ASIAN,636,85,78,5
PanSCCs,"('Protein', 'mRNA')",DSS,2,WHITE,ASIAN,388,164,17,9
PanSCCs,"('Protein', 'mRNA')",DSS,3,WHITE,ASIAN,257,198,6,8
PanSCCs,"('Protein', 'mRNA')",DSS,4,WHITE,ASIAN,192,210,5,9
PanSCCs,"('Protein', 'mRNA')",OS,1,WHITE,ASIAN,679,154,79,11
PanSCCs,"('Protein', 'mRNA')",OS,2,WHITE,ASIAN,413,276,17,18
PanSCCs,"('Protein', 'mRNA')",OS,3,WHITE,ASIAN,273,332,6,17
PanSCCs,"('Protein', 'mRNA')",OS,4,WHITE,ASIAN,205,352,5,18
PanSCCs,"('Protein', 'mRNA')",PFI,1,WHITE,ASIAN,599,176,55,30
PanSCCs,"('Protein', 'mRNA')",PFI,2,WHITE,ASIAN,357,268,11,37
STAD,"('MicroRNA', 'Methylation')",DFI,1,WHITE,ASIAN,112,11,40,15
STAD,"('MicroRNA', 'Methylation')",DFI,2,WHITE,ASIAN,53,23,12,16
STAD,"('MicroRNA', 'Methylation')",DSS,1,WHITE,ASIAN,148,22,55,12
STAD,"('MicroRNA', 'Methylation')",DSS,2,WHITE,ASIAN,64,44,17,15
STAD,"('MicroRNA', 'Methylation')",OS,1,WHITE,ASIAN,151,52,56,18
STAD,"('MicroRNA', 'Methylation')",OS,2,WHITE,ASIAN,65,83,17,22
STAD,"('MicroRNA', 'Methylation')",PFI,1,WHITE,ASIAN,133,45,48,19
STAD,"('MicroRNA', 'Methylation')",PFI,2,WHITE,ASIAN,54,70,15,24
STAD,"('mRNA', 'Methylation')",DFI,1,WHITE,ASIAN,110,11,39,15
STAD,"('mRNA', 'Methylation')",DFI,2,WHITE,ASIAN,51,23,13,16
STAD,"('mRNA', 'Methylation')",DSS,1,WHITE,ASIAN,146,20,54,12
STAD,"('mRNA', 'Methylation')",DSS,2,WHITE,ASIAN,62,42,18,15
STAD,"('mRNA', 'Methylation')",OS,1,WHITE,ASIAN,149,45,55,18
STAD,"('mRNA', 'Methylation')",OS,2,WHITE,ASIAN,63,76,18,22
STAD,"('mRNA', 'Methylation')",PFI,1,WHITE,ASIAN,131,42,47,19
STAD,"('mRNA', 'Methylation')",PFI,2,WHITE,ASIAN,52,67,16,24
STAD,"('mRNA', 'MicroRNA')",DFI,1,WHITE,ASIAN,116,11,38,15
STAD,"('mRNA', 'MicroRNA')",DFI,2,WHITE,ASIAN,56,23,12,16
STAD,"('mRNA', 'MicroRNA')",DSS,1,WHITE,ASIAN,168,23,53,13
STAD,"('mRNA', 'MicroRNA')",DSS,2,WHITE,ASIAN,76,48,17,16
STAD,"('mRNA', 'MicroRNA')",OS,1,WHITE,ASIAN,172,54,54,19
STAD,"('mRNA', 'MicroRNA')",OS,2,WHITE,ASIAN,77,89,17,23
STAD,"('mRNA', 'MicroRNA')",PFI,1,WHITE,ASIAN,150,49,46,20
STAD,"('mRNA', 'MicroRNA')",PFI,2,WHITE,ASIAN,65,77,15,25
STAD,"('Protein', 'Methylation')",DFI,1,WHITE,ASIAN,93,8,31,13
STAD,"('Protein', 'Methylation')",DFI,2,WHITE,ASIAN,44,20,8,13
STAD,"('Protein', 'Methylation')",DSS,1,WHITE,ASIAN,126,14,42,10
STAD,"('Protein', 'Methylation')",DSS,2,WHITE,ASIAN,55,34,11,12
STAD,"('Protein', 'Methylation')",OS,1,WHITE,ASIAN,129,43,42,16
STAD,"('Protein', 'Methylation')",OS,2,WHITE,ASIAN,56,72,11,19
STAD,"('Protein', 'Methylation')",PFI,1,WHITE,ASIAN,114,33,36,15
STAD,"('Protein', 'Methylation')",PFI,2,WHITE,ASIAN,47,57,10,17
STAD,"('Protein', 'MicroRNA')",DFI,1,WHITE,ASIAN,99,8,30,13
STAD,"('Protein', 'MicroRNA')",DFI,2,WHITE,ASIAN,48,20,7,13
STAD,"('Protein', 'MicroRNA')",DSS,1,WHITE,ASIAN,146,16,41,10
STAD,"('Protein', 'MicroRNA')",DSS,2,WHITE,ASIAN,68,37,10,12
STAD,"('Protein', 'MicroRNA')",OS,1,WHITE,ASIAN,150,50,41,16
STAD,"('Protein', 'MicroRNA')",OS,2,WHITE,ASIAN,69,81,10,19
STAD,"('Protein', 'MicroRNA')",PFI,1,WHITE,ASIAN,132,38,35,15
STAD,"('Protein', 'MicroRNA')",PFI,2,WHITE,ASIAN,59,64,9,17
STAD,"('Protein', 'mRNA')",DFI,1,WHITE,ASIAN,96,8,30,13
STAD,"('Protein', 'mRNA')",DFI,2,WHITE,ASIAN,46,20,8,13
STAD,"('Protein', 'mRNA')",DSS,1,WHITE,ASIAN,144,16,41,11
STAD,"('Protein', 'mRNA')",DSS,2,WHITE,ASIAN,66,38,11,13
STAD,"('Protein', 'mRNA')",OS,1,WHITE,ASIAN,147,45,41,17
STAD,"('Protein', 'mRNA')",OS,2,WHITE,ASIAN,67,76,11,20
STAD,"('Protein', 'mRNA')",PFI,1,WHITE,ASIAN,129,38,35,16
STAD,"('Protein', 'mRNA')",PFI,2,WHITE,ASIAN,57,65,10,18
STES,"('MicroRNA', 'Methylation')",DFI,1,WHITE,ASIAN,139,11,57,32
STES,"('MicroRNA', 'Methylation')",DFI,2,WHITE,ASIAN,66,26,12,35
STES,"('MicroRNA', 'Methylation')",DSS,1,WHITE,ASIAN,208,34,89,16
STES,"('MicroRNA', 'Methylation')",DSS,2,WHITE,ASIAN,93,65,19,19
STES,"('MicroRNA', 'Methylation')",OS,1,WHITE,ASIAN,213,74,90,25
STES,"('MicroRNA', 'Methylation')",OS,2,WHITE,ASIAN,95,118,19,30
STES,"('MicroRNA', 'Methylation')",PFI,1,WHITE,ASIAN,184,71,67,38
STES,"('MicroRNA', 'Methylation')",PFI,2,WHITE,ASIAN,80,106,15,46
STES,"('mRNA', 'Methylation')",DFI,1,WHITE,ASIAN,137,11,57,32
STES,"('mRNA', 'Methylation')",DFI,2,WHITE,ASIAN,64,26,13,35
STES,"('mRNA', 'Methylation')",DSS,1,WHITE,ASIAN,206,32,89,16
STES,"('mRNA', 'Methylation')",DSS,2,WHITE,ASIAN,91,63,20,19
STES,"('mRNA', 'Methylation')",OS,1,WHITE,ASIAN,211,67,90,25
STES,"('mRNA', 'Methylation')",OS,2,WHITE,ASIAN,93,111,20,30
STES,"('mRNA', 'Methylation')",PFI,1,WHITE,ASIAN,182,68,67,38
STES,"('mRNA', 'Methylation')",PFI,2,WHITE,ASIAN,78,103,16,46
STES,"('mRNA', 'MicroRNA')",DFI,1,WHITE,ASIAN,144,11,55,32
STES,"('mRNA', 'MicroRNA')",DFI,2,WHITE,ASIAN,70,26,12,35
STES,"('mRNA', 'MicroRNA')",DSS,1,WHITE,ASIAN,237,39,87,17
STES,"('mRNA', 'MicroRNA')",DSS,2,WHITE,ASIAN,110,77,19,20
STES,"('mRNA', 'MicroRNA')",OS,1,WHITE,ASIAN,243,82,88,26
STES,"('mRNA', 'MicroRNA')",OS,2,WHITE,ASIAN,112,134,19,31
STES,"('mRNA', 'MicroRNA')",PFI,1,WHITE,ASIAN,208,82,65,39
STES,"('mRNA', 'MicroRNA')",PFI,2,WHITE,ASIAN,95,123,15,47
STES,"('Protein', 'Methylation')",DFI,1,WHITE,ASIAN,112,8,48,30
STES,"('Protein', 'Methylation')",DFI,2,WHITE,ASIAN,54,21,8,31
STES,"('Protein', 'Methylation')",DSS,1,WHITE,ASIAN,167,20,76,13
STES,"('Protein', 'Methylation')",DSS,2,WHITE,ASIAN,75,44,13,15
STES,"('Protein', 'Methylation')",OS,1,WHITE,ASIAN,172,58,76,22
STES,"('Protein', 'Methylation')",OS,2,WHITE,ASIAN,77,94,13,26
STES,"('Protein', 'Methylation')",PFI,1,WHITE,ASIAN,150,47,55,33
STES,"('Protein', 'Methylation')",PFI,2,WHITE,ASIAN,66,77,10,37
STES,"('Protein', 'MicroRNA')",DFI,1,WHITE,ASIAN,119,8,46,30
STES,"('Protein', 'MicroRNA')",DFI,2,WHITE,ASIAN,59,21,7,31
STES,"('Protein', 'MicroRNA')",DSS,1,WHITE,ASIAN,191,24,74,13
STES,"('Protein', 'MicroRNA')",DSS,2,WHITE,ASIAN,91,50,12,15
STES,"('Protein', 'MicroRNA')",OS,1,WHITE,ASIAN,197,68,74,22
STES,"('Protein', 'MicroRNA')",OS,2,WHITE,ASIAN,93,107,12,26
STES,"('Protein', 'MicroRNA')",PFI,1,WHITE,ASIAN,171,55,53,33
STES,"('Protein', 'MicroRNA')",PFI,2,WHITE,ASIAN,80,88,9,37
STES,"('Protein', 'mRNA')",DFI,1,WHITE,ASIAN,116,9,47,30
STES,"('Protein', 'mRNA')",DFI,2,WHITE,ASIAN,57,22,8,31
STES,"('Protein', 'mRNA')",DSS,1,WHITE,ASIAN,190,24,75,14
STES,"('Protein', 'mRNA')",DSS,2,WHITE,ASIAN,89,51,13,16
STES,"('Protein', 'mRNA')",OS,1,WHITE,ASIAN,195,63,75,23
STES,"('Protein', 'mRNA')",OS,2,WHITE,ASIAN,91,102,13,27
STES,"('Protein', 'mRNA')",PFI,1,WHITE,ASIAN,168,56,54,34
STES,"('Protein', 'mRNA')",PFI,2,WHITE,ASIAN,78,90,10,38
CESC,"('MicroRNA', 'Methylation')",DSS,1,WHITE,NAT_A,136,6,25,6
CESC,"('MicroRNA', 'Methylation')",DSS,2,WHITE,NAT_A,87,16,10,9
CESC,"('MicroRNA', 'Methylation')",OS,1,WHITE,NAT_A,138,9,25,6
CESC,"('MicroRNA', 'Methylation')",OS,2,WHITE,NAT_A,89,21,10,9
CESC,"('MicroRNA', 'Methylation')",PFI,1,WHITE,NAT_A,131,14,24,7
CESC,"('MicroRNA', 'Methylation')",PFI,2,WHITE,NAT_A,79,29,8,12
CESC,"('mRNA', 'Methylation')",DSS,1,WHITE,NAT_A,134,6,25,6
CESC,"('mRNA', 'Methylation')",DSS,2,WHITE,NAT_A,86,16,10,9
CESC,"('mRNA', 'Methylation')",OS,1,WHITE,NAT_A,136,9,25,6
CESC,"('mRNA', 'Methylation')",OS,2,WHITE,NAT_A,88,21,10,9
CESC,"('mRNA', 'Methylation')",PFI,1,WHITE,NAT_A,129,14,24,7
CESC,"('mRNA', 'Methylation')",PFI,2,WHITE,NAT_A,78,29,8,12
CESC,"('mRNA', 'MicroRNA')",DFI,2,WHITE,NAT_A,67,10,11,5
CESC,"('mRNA', 'MicroRNA')",DFI,3,WHITE,NAT_A,46,13,7,5
CESC,"('mRNA', 'MicroRNA')",DSS,1,WHITE,NAT_A,139,6,42,8
CESC,"('mRNA', 'MicroRNA')",DSS,2,WHITE,NAT_A,91,16,21,14
CESC,"('mRNA', 'MicroRNA')",DSS,3,WHITE,NAT_A,64,23,11,16
CESC,"('mRNA', 'MicroRNA')",OS,1,WHITE,NAT_A,142,9,42,8
CESC,"('mRNA', 'MicroRNA')",OS,2,WHITE,NAT_A,94,21,21,14
CESC,"('mRNA', 'MicroRNA')",OS,3,WHITE,NAT_A,65,30,11,17
CESC,"('mRNA', 'MicroRNA')",PFI,1,WHITE,NAT_A,135,14,39,11
CESC,"('mRNA', 'MicroRNA')",PFI,2,WHITE,NAT_A,83,30,18,18
CESC,"('mRNA', 'MicroRNA')",PFI,3,WHITE,NAT_A,58,34,10,20
GBMLGG,"('mRNA', 'Methylation')",PFI,1,WHITE,NAT_A,329,133,12,5
GBMLGG,"('mRNA', 'Methylation')",PFI,2,WHITE,NAT_A,174,200,6,6
GBMLGG,"('Protein', 'Methylation')",PFI,1,WHITE,NAT_A,284,147,12,5
GBMLGG,"('Protein', 'Methylation')",PFI,2,WHITE,NAT_A,148,208,5,7
GBMLGG,"('Protein', 'mRNA')",PFI,1,WHITE,NAT_A,267,98,15,5
GBMLGG,"('Protein', 'mRNA')",PFI,2,WHITE,NAT_A,141,149,7,6
HNSC,"('MicroRNA', 'Methylation')",OS,1,WHITE,NAT_A,332,66,9,6
HNSC,"('MicroRNA', 'Methylation')",OS,2,WHITE,NAT_A,200,121,6,9
HNSC,"('MicroRNA', 'Methylation')",OS,3,WHITE,NAT_A,126,142,6,9
HNSC,"('MicroRNA', 'Methylation')",OS,4,WHITE,NAT_A,81,149,5,9
HNSC,"('mRNA', 'Methylation')",OS,1,WHITE,NAT_A,332,63,10,6
HNSC,"('mRNA', 'Methylation')",OS,2,WHITE,NAT_A,200,118,6,9
HNSC,"('mRNA', 'Methylation')",OS,3,WHITE,NAT_A,126,139,6,9
HNSC,"('mRNA', 'Methylation')",OS,4,WHITE,NAT_A,81,146,5,9
HNSC,"('mRNA', 'MicroRNA')",DSS,2,WHITE,NAT_A,195,81,9,5
HNSC,"('mRNA', 'MicroRNA')",DSS,3,WHITE,NAT_A,121,93,8,5
HNSC,"('mRNA', 'MicroRNA')",DSS,4,WHITE,NAT_A,76,96,7,5
HNSC,"('mRNA', 'MicroRNA')",DSS,5,WHITE,NAT_A,41,101,5,5
HNSC,"('mRNA', 'MicroRNA')",OS,1,WHITE,NAT_A,336,63,16,6
HNSC,"('mRNA', 'MicroRNA')",OS,2,WHITE,NAT_A,202,120,9,12
HNSC,"('mRNA', 'MicroRNA')",OS,3,WHITE,NAT_A,125,141,8,13
HNSC,"('mRNA', 'MicroRNA')",OS,4,WHITE,NAT_A,80,148,7,13
HNSC,"('mRNA', 'MicroRNA')",OS,5,WHITE,NAT_A,44,155,5,14
HNSC,"('mRNA', 'MicroRNA')",PFI,2,WHITE,NAT_A,179,134,9,5
HNSC,"('mRNA', 'MicroRNA')",PFI,3,WHITE,NAT_A,113,143,8,5
HNSC,"('mRNA', 'MicroRNA')",PFI,4,WHITE,NAT_A,70,149,7,5
KIPAN,"('MicroRNA', 'Methylation')",PFI,5,WHITE,NAT_A,166,166,10,5
KIPAN,"('mRNA', 'Methylation')",PFI,5,WHITE,NAT_A,171,168,11,5
KIPAN,"('mRNA', 'MicroRNA')",PFI,5,WHITE,NAT_A,172,168,11,5
LIHC,"('MicroRNA', 'Methylation')",PFI,1,WHITE,NAT_A,81,49,8,5
LIHC,"('mRNA', 'Methylation')",PFI,1,WHITE,NAT_A,82,49,8,5
LIHC,"('mRNA', 'MicroRNA')",PFI,1,WHITE,NAT_A,82,50,10,5
LIHC,"('mRNA', 'MicroRNA')",PFI,2,WHITE,NAT_A,36,77,5,6
PanGI,"('MicroRNA', 'Methylation')",DSS,2,WHITE,NAT_A,225,83,8,10
PanGI,"('MicroRNA', 'Methylation')",DSS,3,WHITE,NAT_A,116,94,8,10
PanGI,"('MicroRNA', 'Methylation')",OS,1,WHITE,NAT_A,440,99,17,7
PanGI,"('MicroRNA', 'Methylation')",OS,2,WHITE,NAT_A,241,153,8,13
PanGI,"('MicroRNA', 'Methylation')",OS,3,WHITE,NAT_A,125,178,8,13
PanGI,"('MicroRNA', 'Methylation')",PFI,1,WHITE,NAT_A,390,106,14,8
PanGI,"('MicroRNA', 'Methylation')",PFI,2,WHITE,NAT_A,200,165,8,11
PanGI,"('MicroRNA', 'Methylation')",PFI,3,WHITE,NAT_A,97,181,6,13
PanGI,"('mRNA', 'Methylation')",DSS,2,WHITE,NAT_A,223,81,7,10
PanGI,"('mRNA', 'Methylation')",DSS,3,WHITE,NAT_A,116,92,7,10
PanGI,"('mRNA', 'Methylation')",OS,1,WHITE,NAT_A,438,92,16,7
PanGI,"('mRNA', 'Methylation')",OS,2,WHITE,NAT_A,239,146,7,13
PanGI,"('mRNA', 'Methylation')",OS,3,WHITE,NAT_A,125,171,7,13
PanGI,"('mRNA', 'Methylation')",PFI,1,WHITE,NAT_A,388,103,13,8
PanGI,"('mRNA', 'Methylation')",PFI,2,WHITE,NAT_A,198,162,7,11
PanGI,"('mRNA', 'Methylation')",PFI,3,WHITE,NAT_A,97,176,5,13
PanGI,"('mRNA', 'MicroRNA')",DSS,1,WHITE,NAT_A,583,76,24,6
PanGI,"('mRNA', 'MicroRNA')",DSS,2,WHITE,NAT_A,328,126,11,15
PanGI,"('mRNA', 'MicroRNA')",DSS,3,WHITE,NAT_A,167,140,10,16
PanGI,"('mRNA', 'MicroRNA')",OS,1,WHITE,NAT_A,606,132,24,10
PanGI,"('mRNA', 'MicroRNA')",OS,2,WHITE,NAT_A,344,203,11,19
PanGI,"('mRNA', 'MicroRNA')",OS,3,WHITE,NAT_A,176,232,10,20
PanGI,"('mRNA', 'MicroRNA')",PFI,1,WHITE,NAT_A,545,147,21,10
PanGI,"('mRNA', 'MicroRNA')",PFI,2,WHITE,NAT_A,294,223,10,17
PanGI,"('mRNA', 'MicroRNA')",PFI,3,WHITE,NAT_A,142,244,6,21
PanGI,"('Protein', 'Methylation')",OS,1,WHITE,NAT_A,360,79,11,5
PanGI,"('Protein', 'Methylation')",PFI,1,WHITE,NAT_A,323,74,9,6
PanGI,"('Protein', 'MicroRNA')",DSS,2,WHITE,NAT_A,254,90,5,10
PanGI,"('Protein', 'MicroRNA')",DSS,3,WHITE,NAT_A,123,103,5,10
PanGI,"('Protein', 'MicroRNA')",OS,1,WHITE,NAT_A,479,108,14,7
PanGI,"('Protein', 'MicroRNA')",OS,2,WHITE,NAT_A,269,164,5,13
PanGI,"('Protein', 'MicroRNA')",OS,3,WHITE,NAT_A,132,190,5,13
PanGI,"('Protein', 'MicroRNA')",PFI,1,WHITE,NAT_A,433,106,12,7
PanGI,"('Protein', 'mRNA')",OS,1,WHITE,NAT_A,504,105,13,7
PanGI,"('Protein', 'mRNA')",PFI,1,WHITE,NAT_A,454,111,11,7
PanGyn,"('MicroRNA', 'Methylation')",DFI,2,WHITE,NAT_A,305,142,11,8
PanGyn,"('MicroRNA', 'Methylation')",DFI,3,WHITE,NAT_A,201,176,5,8
PanGyn,"('MicroRNA', 'Methylation')",DSS,1,WHITE,NAT_A,757,44,38,8
PanGyn,"('MicroRNA', 'Methylation')",DSS,2,WHITE,NAT_A,548,114,19,13
PanGyn,"('MicroRNA', 'Methylation')",DSS,3,WHITE,NAT_A,389,173,10,14
PanGyn,"('MicroRNA', 'Methylation')",DSS,4,WHITE,NAT_A,282,224,6,14
PanGyn,"('MicroRNA', 'Methylation')",OS,1,WHITE,NAT_A,782,64,40,8
PanGyn,"('MicroRNA', 'Methylation')",OS,2,WHITE,NAT_A,567,146,21,13
PanGyn,"('MicroRNA', 'Methylation')",OS,3,WHITE,NAT_A,403,215,11,15
PanGyn,"('MicroRNA', 'Methylation')",OS,4,WHITE,NAT_A,286,280,7,15
PanGyn,"('MicroRNA', 'Methylation')",PFI,1,WHITE,NAT_A,663,167,36,12
PanGyn,"('MicroRNA', 'Methylation')",PFI,2,WHITE,NAT_A,386,327,14,21
PanGyn,"('MicroRNA', 'Methylation')",PFI,3,WHITE,NAT_A,246,384,6,23
PanGyn,"('mRNA', 'Methylation')",DFI,2,WHITE,NAT_A,275,99,11,6
PanGyn,"('mRNA', 'Methylation')",DFI,3,WHITE,NAT_A,182,123,5,6
PanGyn,"('mRNA', 'Methylation')",DSS,1,WHITE,NAT_A,633,36,35,7
PanGyn,"('mRNA', 'Methylation')",DSS,2,WHITE,NAT_A,445,91,17,11
PanGyn,"('mRNA', 'Methylation')",DSS,3,WHITE,NAT_A,303,137,8,12
PanGyn,"('mRNA', 'Methylation')",OS,1,WHITE,NAT_A,655,54,36,7
PanGyn,"('mRNA', 'Methylation')",OS,2,WHITE,NAT_A,461,122,18,11
PanGyn,"('mRNA', 'Methylation')",OS,3,WHITE,NAT_A,314,178,9,12
PanGyn,"('mRNA', 'Methylation')",OS,4,WHITE,NAT_A,224,217,5,12
PanGyn,"('mRNA', 'Methylation')",PFI,1,WHITE,NAT_A,567,128,35,8
PanGyn,"('mRNA', 'Methylation')",PFI,2,WHITE,NAT_A,337,244,14,16
PanGyn,"('mRNA', 'Methylation')",PFI,3,WHITE,NAT_A,218,281,6,18
PanGyn,"('mRNA', 'MicroRNA')",DFI,2,WHITE,NAT_A,289,100,19,7
PanGyn,"('mRNA', 'MicroRNA')",DFI,3,WHITE,NAT_A,191,125,10,7
PanGyn,"('mRNA', 'MicroRNA')",DSS,1,WHITE,NAT_A,659,36,56,9
PanGyn,"('mRNA', 'MicroRNA')",DSS,2,WHITE,NAT_A,466,94,31,16
PanGyn,"('mRNA', 'MicroRNA')",DSS,3,WHITE,NAT_A,316,140,16,18
PanGyn,"('mRNA', 'MicroRNA')",DSS,4,WHITE,NAT_A,230,169,7,18
PanGyn,"('mRNA', 'MicroRNA')",OS,1,WHITE,NAT_A,682,54,57,9
PanGyn,"('mRNA', 'MicroRNA')",OS,2,WHITE,NAT_A,483,124,32,16
PanGyn,"('mRNA', 'MicroRNA')",OS,3,WHITE,NAT_A,328,180,17,19
PanGyn,"('mRNA', 'MicroRNA')",OS,4,WHITE,NAT_A,235,220,8,19
PanGyn,"('mRNA', 'MicroRNA')",PFI,1,WHITE,NAT_A,594,128,54,12
PanGyn,"('mRNA', 'MicroRNA')",PFI,2,WHITE,NAT_A,355,251,27,22
PanGyn,"('mRNA', 'MicroRNA')",PFI,3,WHITE,NAT_A,229,290,13,25
PanGyn,"('mRNA', 'MicroRNA')",PFI,4,WHITE,NAT_A,162,306,6,25
PanGyn,"('Protein', 'Methylation')",DSS,3,WHITE,NAT_A,305,138,6,5
PanGyn,"('Protein', 'Methylation')",OS,3,WHITE,NAT_A,319,169,7,6
PanGyn,"('Protein', 'Methylation')",OS,4,WHITE,NAT_A,223,217,5,6
PanGyn,"('Protein', 'Methylation')",PFI,2,WHITE,NAT_A,299,269,9,8
PanGyn,"('Protein', 'MicroRNA')",DSS,3,WHITE,NAT_A,293,126,8,5
PanGyn,"('Protein', 'MicroRNA')",DSS,4,WHITE,NAT_A,213,162,5,5
PanGyn,"('Protein', 'MicroRNA')",OS,3,WHITE,NAT_A,306,155,9,6
PanGyn,"('Protein', 'MicroRNA')",OS,4,WHITE,NAT_A,218,201,6,6
PanGyn,"('Protein', 'MicroRNA')",PFI,2,WHITE,NAT_A,297,245,14,8
PanGyn,"('Protein', 'MicroRNA')",PFI,3,WHITE,NAT_A,183,292,5,10
PanGyn,"('Protein', 'mRNA')",PFI,2,WHITE,NAT_A,274,197,14,5
PanGyn,"('Protein', 'mRNA')",PFI,3,WHITE,NAT_A,172,232,5,7
PanSCCs,"('MicroRNA', 'Methylation')",DSS,1,WHITE,NAT_A,947,120,43,11
PanSCCs,"('MicroRNA', 'Methylation')",DSS,2,WHITE,NAT_A,547,236,22,17
PanSCCs,"('MicroRNA', 'Methylation')",DSS,3,WHITE,NAT_A,332,279,15,18
PanSCCs,"('MicroRNA', 'Methylation')",DSS,4,WHITE,NAT_A,231,292,10,18
PanSCCs,"('MicroRNA', 'Methylation')",DSS,5,WHITE,NAT_A,153,299,7,18
PanSCCs,"('MicroRNA', 'Methylation')",OS,1,WHITE,NAT_A,992,203,43,16
PanSCCs,"('MicroRNA', 'Methylation')",OS,2,WHITE,NAT_A,574,373,22,24
PanSCCs,"('MicroRNA', 'Methylation')",OS,3,WHITE,NAT_A,350,443,15,25
PanSCCs,"('MicroRNA', 'Methylation')",OS,4,WHITE,NAT_A,246,470,10,26
PanSCCs,"('MicroRNA', 'Methylation')",OS,5,WHITE,NAT_A,165,483,7,27
PanSCCs,"('MicroRNA', 'Methylation')",PFI,1,WHITE,NAT_A,870,261,40,14
PanSCCs,"('MicroRNA', 'Methylation')",PFI,2,WHITE,NAT_A,495,388,19,21
PanSCCs,"('MicroRNA', 'Methylation')",PFI,3,WHITE,NAT_A,304,428,15,22
PanSCCs,"('MicroRNA', 'Methylation')",PFI,4,WHITE,NAT_A,214,442,10,22
PanSCCs,"('MicroRNA', 'Methylation')",PFI,5,WHITE,NAT_A,131,462,7,22
PanSCCs,"('mRNA', 'Methylation')",DSS,1,WHITE,NAT_A,949,121,43,11
PanSCCs,"('mRNA', 'Methylation')",DSS,2,WHITE,NAT_A,549,237,21,17
PanSCCs,"('mRNA', 'Methylation')",DSS,3,WHITE,NAT_A,336,279,14,18
PanSCCs,"('mRNA', 'Methylation')",DSS,4,WHITE,NAT_A,234,293,10,18
PanSCCs,"('mRNA', 'Methylation')",DSS,5,WHITE,NAT_A,155,301,7,18
PanSCCs,"('mRNA', 'Methylation')",OS,1,WHITE,NAT_A,995,206,43,16
PanSCCs,"('mRNA', 'Methylation')",OS,2,WHITE,NAT_A,577,376,21,24
PanSCCs,"('mRNA', 'Methylation')",OS,3,WHITE,NAT_A,355,445,14,25
PanSCCs,"('mRNA', 'Methylation')",OS,4,WHITE,NAT_A,249,474,10,26
PanSCCs,"('mRNA', 'Methylation')",OS,5,WHITE,NAT_A,167,488,7,27
PanSCCs,"('mRNA', 'Methylation')",PFI,1,WHITE,NAT_A,871,264,40,14
PanSCCs,"('mRNA', 'Methylation')",PFI,2,WHITE,NAT_A,500,388,18,21
PanSCCs,"('mRNA', 'Methylation')",PFI,3,WHITE,NAT_A,308,430,14,22
PanSCCs,"('mRNA', 'Methylation')",PFI,4,WHITE,NAT_A,217,444,10,22
PanSCCs,"('mRNA', 'Methylation')",PFI,5,WHITE,NAT_A,133,464,7,22
PanSCCs,"('mRNA', 'MicroRNA')",DFI,2,WHITE,NAT_A,334,78,19,7
PanSCCs,"('mRNA', 'MicroRNA')",DFI,3,WHITE,NAT_A,201,98,15,7
PanSCCs,"('mRNA', 'MicroRNA')",DFI,4,WHITE,NAT_A,146,100,9,7
PanSCCs,"('mRNA', 'MicroRNA')",DFI,5,WHITE,NAT_A,96,110,5,8
PanSCCs,"('mRNA', 'MicroRNA')",DSS,1,WHITE,NAT_A,1026,128,74,13
PanSCCs,"('mRNA', 'MicroRNA')",DSS,2,WHITE,NAT_A,610,253,40,24
PanSCCs,"('mRNA', 'MicroRNA')",DSS,3,WHITE,NAT_A,379,302,25,28
PanSCCs,"('mRNA', 'MicroRNA')",DSS,4,WHITE,NAT_A,265,315,15,28
PanSCCs,"('mRNA', 'MicroRNA')",DSS,5,WHITE,NAT_A,178,324,9,29
PanSCCs,"('mRNA', 'MicroRNA')",OS,1,WHITE,NAT_A,1084,221,74,18
PanSCCs,"('mRNA', 'MicroRNA')",OS,2,WHITE,NAT_A,646,404,40,33
PanSCCs,"('mRNA', 'MicroRNA')",OS,3,WHITE,NAT_A,405,482,25,39
PanSCCs,"('mRNA', 'MicroRNA')",OS,4,WHITE,NAT_A,286,512,15,40
PanSCCs,"('mRNA', 'MicroRNA')",OS,5,WHITE,NAT_A,193,530,9,42
PanSCCs,"('mRNA', 'MicroRNA')",PFI,1,WHITE,NAT_A,953,282,69,18
PanSCCs,"('mRNA', 'MicroRNA')",PFI,2,WHITE,NAT_A,561,418,34,32
PanSCCs,"('mRNA', 'MicroRNA')",PFI,3,WHITE,NAT_A,354,464,24,35
PanSCCs,"('mRNA', 'MicroRNA')",PFI,4,WHITE,NAT_A,251,480,14,36
PanSCCs,"('mRNA', 'MicroRNA')",PFI,5,WHITE,NAT_A,157,501,8,37
PanSCCs,"('Protein', 'Methylation')",DSS,1,WHITE,NAT_A,579,79,19,5
PanSCCs,"('Protein', 'Methylation')",DSS,2,WHITE,NAT_A,346,152,10,6
PanSCCs,"('Protein', 'Methylation')",DSS,3,WHITE,NAT_A,225,182,7,7
PanSCCs,"('Protein', 'Methylation')",OS,1,WHITE,NAT_A,617,141,19,7
PanSCCs,"('Protein', 'Methylation')",OS,2,WHITE,NAT_A,368,255,10,9
PanSCCs,"('Protein', 'Methylation')",OS,3,WHITE,NAT_A,239,305,7,10
PanSCCs,"('Protein', 'Methylation')",PFI,1,WHITE,NAT_A,542,164,18,6
PanSCCs,"('Protein', 'Methylation')",PFI,2,WHITE,NAT_A,315,249,9,7
PanSCCs,"('Protein', 'Methylation')",PFI,3,WHITE,NAT_A,207,276,7,8
PanSCCs,"('Protein', 'MicroRNA')",DSS,1,WHITE,NAT_A,626,84,31,5
PanSCCs,"('Protein', 'MicroRNA')",DSS,2,WHITE,NAT_A,383,161,16,7
PanSCCs,"('Protein', 'MicroRNA')",DSS,3,WHITE,NAT_A,252,196,11,8
PanSCCs,"('Protein', 'MicroRNA')",DSS,4,WHITE,NAT_A,189,207,6,8
PanSCCs,"('Protein', 'MicroRNA')",OS,1,WHITE,NAT_A,668,148,31,7
PanSCCs,"('Protein', 'MicroRNA')",OS,2,WHITE,NAT_A,407,268,16,11
PanSCCs,"('Protein', 'MicroRNA')",OS,3,WHITE,NAT_A,268,325,11,12
PanSCCs,"('Protein', 'MicroRNA')",OS,4,WHITE,NAT_A,202,343,6,13
PanSCCs,"('Protein', 'MicroRNA')",PFI,1,WHITE,NAT_A,591,172,30,6
PanSCCs,"('Protein', 'MicroRNA')",PFI,2,WHITE,NAT_A,349,266,14,10
PanSCCs,"('Protein', 'MicroRNA')",PFI,3,WHITE,NAT_A,233,296,11,11
PanSCCs,"('Protein', 'MicroRNA')",PFI,4,WHITE,NAT_A,177,308,5,12
PanSCCs,"('Protein', 'mRNA')",DSS,1,WHITE,NAT_A,636,85,29,5
PanSCCs,"('Protein', 'mRNA')",DSS,2,WHITE,NAT_A,388,164,14,7
PanSCCs,"('Protein', 'mRNA')",DSS,3,WHITE,NAT_A,257,198,9,8
PanSCCs,"('Protein', 'mRNA')",DSS,4,WHITE,NAT_A,192,210,5,8
PanSCCs,"('Protein', 'mRNA')",OS,1,WHITE,NAT_A,679,154,29,7
PanSCCs,"('Protein', 'mRNA')",OS,2,WHITE,NAT_A,413,276,14,11
PanSCCs,"('Protein', 'mRNA')",OS,3,WHITE,NAT_A,273,332,9,12
PanSCCs,"('Protein', 'mRNA')",OS,4,WHITE,NAT_A,205,352,5,13
PanSCCs,"('Protein', 'mRNA')",PFI,1,WHITE,NAT_A,599,176,28,6
PanSCCs,"('Protein', 'mRNA')",PFI,2,WHITE,NAT_A,357,268,12,10
PanSCCs,"('Protein', 'mRNA')",PFI,3,WHITE,NAT_A,238,299,9,11
STAD,"('MicroRNA', 'Methylation')",DSS,2,WHITE,NAT_A,64,44,6,7
STAD,"('MicroRNA', 'Methylation')",DSS,3,WHITE,NAT_A,27,50,6,7
STAD,"('MicroRNA', 'Methylation')",OS,1,WHITE,NAT_A,151,52,12,5
STAD,"('MicroRNA', 'Methylation')",OS,2,WHITE,NAT_A,65,83,6,9
STAD,"('MicroRNA', 'Methylation')",OS,3,WHITE,NAT_A,27,95,6,9
STAD,"('MicroRNA', 'Methylation')",PFI,1,WHITE,NAT_A,133,45,10,6
STAD,"('MicroRNA', 'Methylation')",PFI,2,WHITE,NAT_A,54,70,6,8
STAD,"('MicroRNA', 'Methylation')",PFI,3,WHITE,NAT_A,21,75,5,9
STAD,"('mRNA', 'Methylation')",DSS,2,WHITE,NAT_A,62,42,6,7
STAD,"('mRNA', 'Methylation')",DSS,3,WHITE,NAT_A,27,48,6,7
STAD,"('mRNA', 'Methylation')",OS,1,WHITE,NAT_A,149,45,12,5
STAD,"('mRNA', 'Methylation')",OS,2,WHITE,NAT_A,63,76,6,9
STAD,"('mRNA', 'Methylation')",OS,3,WHITE,NAT_A,27,88,6,9
STAD,"('mRNA', 'Methylation')",PFI,1,WHITE,NAT_A,131,42,10,6
STAD,"('mRNA', 'Methylation')",PFI,2,WHITE,NAT_A,52,67,6,8
STAD,"('mRNA', 'Methylation')",PFI,3,WHITE,NAT_A,21,70,5,9
STAD,"('mRNA', 'MicroRNA')",DSS,1,WHITE,NAT_A,168,23,16,5
STAD,"('mRNA', 'MicroRNA')",DSS,2,WHITE,NAT_A,76,48,8,11
STAD,"('mRNA', 'MicroRNA')",DSS,3,WHITE,NAT_A,36,55,8,11
STAD,"('mRNA', 'MicroRNA')",OS,1,WHITE,NAT_A,172,54,16,8
STAD,"('mRNA', 'MicroRNA')",OS,2,WHITE,NAT_A,77,89,8,14
STAD,"('mRNA', 'MicroRNA')",OS,3,WHITE,NAT_A,36,103,8,14
STAD,"('mRNA', 'MicroRNA')",PFI,1,WHITE,NAT_A,150,49,14,8
STAD,"('mRNA', 'MicroRNA')",PFI,2,WHITE,NAT_A,65,77,7,13
STAD,"('mRNA', 'MicroRNA')",PFI,3,WHITE,NAT_A,30,81,6,14
STAD,"('Protein', 'Methylation')",OS,1,WHITE,NAT_A,129,43,8,5
STAD,"('Protein', 'Methylation')",PFI,1,WHITE,NAT_A,114,33,6,6
STAD,"('Protein', 'MicroRNA')",OS,1,WHITE,NAT_A,150,50,11,7
STAD,"('Protein', 'MicroRNA')",PFI,1,WHITE,NAT_A,132,38,9,7
STAD,"('Protein', 'mRNA')",OS,1,WHITE,NAT_A,147,45,11,7
STAD,"('Protein', 'mRNA')",PFI,1,WHITE,NAT_A,129,38,9,7
STES,"('MicroRNA', 'Methylation')",DSS,2,WHITE,NAT_A,93,65,7,10
STES,"('MicroRNA', 'Methylation')",DSS,3,WHITE,NAT_A,41,73,7,10
STES,"('MicroRNA', 'Methylation')",OS,1,WHITE,NAT_A,213,74,15,7
STES,"('MicroRNA', 'Methylation')",OS,2,WHITE,NAT_A,95,118,7,13
STES,"('MicroRNA', 'Methylation')",OS,3,WHITE,NAT_A,41,133,7,13
STES,"('MicroRNA', 'Methylation')",PFI,1,WHITE,NAT_A,184,71,12,8
STES,"('MicroRNA', 'Methylation')",PFI,2,WHITE,NAT_A,80,106,7,11
STES,"('MicroRNA', 'Methylation')",PFI,3,WHITE,NAT_A,32,115,6,12
STES,"('mRNA', 'Methylation')",DSS,2,WHITE,NAT_A,91,63,6,10
STES,"('mRNA', 'Methylation')",DSS,3,WHITE,NAT_A,41,71,6,10
STES,"('mRNA', 'Methylation')",OS,1,WHITE,NAT_A,211,67,14,7
STES,"('mRNA', 'Methylation')",OS,2,WHITE,NAT_A,93,111,6,13
STES,"('mRNA', 'Methylation')",OS,3,WHITE,NAT_A,41,126,6,13
STES,"('mRNA', 'Methylation')",PFI,1,WHITE,NAT_A,182,68,11,8
STES,"('mRNA', 'Methylation')",PFI,2,WHITE,NAT_A,78,103,6,11
STES,"('mRNA', 'Methylation')",PFI,3,WHITE,NAT_A,32,110,5,12
STES,"('mRNA', 'MicroRNA')",DSS,1,WHITE,NAT_A,237,39,20,6
STES,"('mRNA', 'MicroRNA')",DSS,2,WHITE,NAT_A,110,77,9,15
STES,"('mRNA', 'MicroRNA')",DSS,3,WHITE,NAT_A,51,89,8,16
STES,"('mRNA', 'MicroRNA')",OS,1,WHITE,NAT_A,243,82,20,10
STES,"('mRNA', 'MicroRNA')",OS,2,WHITE,NAT_A,112,134,9,19
STES,"('mRNA', 'MicroRNA')",OS,3,WHITE,NAT_A,51,154,8,20
STES,"('mRNA', 'MicroRNA')",PFI,1,WHITE,NAT_A,208,82,17,10
STES,"('mRNA', 'MicroRNA')",PFI,2,WHITE,NAT_A,95,123,8,17
STES,"('mRNA', 'MicroRNA')",PFI,3,WHITE,NAT_A,42,133,6,19
STES,"('Protein', 'Methylation')",OS,1,WHITE,NAT_A,172,58,9,5
STES,"('Protein', 'Methylation')",PFI,1,WHITE,NAT_A,150,47,7,6
STES,"('Protein', 'MicroRNA')",OS,1,WHITE,NAT_A,197,68,12,7
STES,"('Protein', 'MicroRNA')",PFI,1,WHITE,NAT_A,171,55,10,7
STES,"('Protein', 'mRNA')",OS,1,WHITE,NAT_A,195,63,11,7
STES,"('Protein', 'mRNA')",PFI,1,WHITE,NAT_A,168,56,9,7
THCA,"('MicroRNA', 'Methylation')",PFI,2,WHITE,NAT_A,172,23,24,6
THCA,"('MicroRNA', 'Methylation')",PFI,3,WHITE,NAT_A,117,28,17,7
THCA,"('MicroRNA', 'Methylation')",PFI,4,WHITE,NAT_A,77,31,12,8
THCA,"('MicroRNA', 'Methylation')",PFI,5,WHITE,NAT_A,57,32,9,8
THCA,"('mRNA', 'Methylation')",PFI,2,WHITE,NAT_A,172,23,24,6
THCA,"('mRNA', 'Methylation')",PFI,3,WHITE,NAT_A,117,28,17,7
THCA,"('mRNA', 'Methylation')",PFI,4,WHITE,NAT_A,77,31,12,8
THCA,"('mRNA', 'Methylation')",PFI,5,WHITE,NAT_A,57,32,9,8
THCA,"('mRNA', 'MicroRNA')",PFI,2,WHITE,NAT_A,202,25,25,6
THCA,"('mRNA', 'MicroRNA')",PFI,3,WHITE,NAT_A,131,31,17,7
THCA,"('mRNA', 'MicroRNA')",PFI,4,WHITE,NAT_A,82,34,12,8
THCA,"('mRNA', 'MicroRNA')",PFI,5,WHITE,NAT_A,58,35,9,8
THCA,"('Protein', 'Methylation')",PFI,2,WHITE,NAT_A,136,17,19,6
THCA,"('Protein', 'Methylation')",PFI,3,WHITE,NAT_A,91,22,14,7
THCA,"('Protein', 'Methylation')",PFI,4,WHITE,NAT_A,58,25,11,8
THCA,"('Protein', 'Methylation')",PFI,5,WHITE,NAT_A,43,26,8,8
THCA,"('Protein', 'MicroRNA')",PFI,2,WHITE,NAT_A,156,19,19,6
THCA,"('Protein', 'MicroRNA')",PFI,3,WHITE,NAT_A,102,24,14,7
THCA,"('Protein', 'MicroRNA')",PFI,4,WHITE,NAT_A,62,27,11,8
THCA,"('Protein', 'MicroRNA')",PFI,5,WHITE,NAT_A,44,28,8,8
THCA,"('Protein', 'mRNA')",PFI,2,WHITE,NAT_A,160,19,19,6
THCA,"('Protein', 'mRNA')",PFI,3,WHITE,NAT_A,105,24,14,7
THCA,"('Protein', 'mRNA')",PFI,4,WHITE,NAT_A,65,27,11,8
THCA,"('Protein', 'mRNA')",PFI,5,WHITE,NAT_A,45,28,8,8
